image_id,image_filename,archive_member_name,file_format,width,height,aspect_ratio,file_size_bytes,sha256,read_status,network_expanded_path,network_expanded_same_hash
001,opera-01-001-s.jpg,爬虫脸谱图集/opera-01-001-s.jpg,JPEG,123,150,0.82000000,15760,0aba39c201b6a13aea2e0f6b68de43766d837cf159ec05ccc4beabada9f28688,readable,data/raw/脸谱新一步/网络图片汇总/001.jpg,yes
002,opera-01-002-s.jpg,爬虫脸谱图集/opera-01-002-s.jpg,JPEG,123,149,0.82550336,15965,ffd50db0e3b16f62676a68dc92cf83d5972ba8a6d33d1c46d793c5f23ca522a5,readable,data/raw/脸谱新一步/网络图片汇总/002.jpg,yes
003,opera-01-003-s.jpg,爬虫脸谱图集/opera-01-003-s.jpg,JPEG,123,150,0.82000000,16354,2f9ec11b4b27ae0dee684efcdc9564902db3f2c8084d131ef5128e030a881526,readable,data/raw/脸谱新一步/网络图片汇总/003.jpg,yes
004,opera-01-004-s.jpg,爬虫脸谱图集/opera-01-004-s.jpg,JPEG,123,150,0.82000000,15605,04122e3ac9866f6b102521e8e70924b30c2ca04178dcf1109b5dc4968956d1a7,readable,data/raw/脸谱新一步/网络图片汇总/004.jpg,yes
005,opera-01-005-s.jpg,爬虫脸谱图集/opera-01-005-s.jpg,JPEG,123,150,0.82000000,13554,06141b6b3e618fe193fb93c27d2e92217ffd6c59af4e7ec725c60ea20f250359,readable,data/raw/脸谱新一步/网络图片汇总/005.jpg,yes
006,opera-01-006-s.jpg,爬虫脸谱图集/opera-01-006-s.jpg,JPEG,123,150,0.82000000,14991,f7312d54a9efb72a540c635ea0b6197523591e980c3b44f05ff980d6a91d7299,readable,data/raw/脸谱新一步/网络图片汇总/006.jpg,yes
007,opera-01-007-s.jpg,爬虫脸谱图集/opera-01-007-s.jpg,JPEG,123,150,0.82000000,15775,138f5af12c7630c12ea5a7d91b4f4a8d8e78b0bf38ee29b498953b83b39cff61,readable,data/raw/脸谱新一步/网络图片汇总/007.jpg,yes
008,opera-01-008-s.jpg,爬虫脸谱图集/opera-01-008-s.jpg,JPEG,123,150,0.82000000,14490,952f468618f4d6f48fb2ecbeed041cf8a7247c9624de184b1b9c833487a2407f,readable,data/raw/脸谱新一步/网络图片汇总/008.jpg,yes
009,opera-01-009-s.jpg,爬虫脸谱图集/opera-01-009-s.jpg,JPEG,123,150,0.82000000,14354,177b63d7f2dc5e639991fd489bcff69f297adf1f8a2b1ffcf304170951636c9a,readable,data/raw/脸谱新一步/网络图片汇总/009.jpg,yes
010,opera-01-010-s.jpg,爬虫脸谱图集/opera-01-010-s.jpg,JPEG,123,150,0.82000000,14033,9c03d7634718bdcc92f64cfd6cb39e26afbe64f1e323677e9ec682ee797b8c70,readable,data/raw/脸谱新一步/网络图片汇总/010.jpg,yes
011,opera-01-011-s.jpg,爬虫脸谱图集/opera-01-011-s.jpg,JPEG,123,150,0.82000000,13797,da33fce8d604b189dd79dd6582a198f3a4e823e80accea77a619f44d69c71489,readable,data/raw/脸谱新一步/网络图片汇总/011.jpg,yes
012,opera-01-012-s.jpg,爬虫脸谱图集/opera-01-012-s.jpg,JPEG,123,150,0.82000000,13424,630272ee95305c5c3c0dc54cb7858b62082bcc6f13074a15af39bd3552947a38,readable,data/raw/脸谱新一步/网络图片汇总/012.jpg,yes
013,opera-02-013-s.jpg,爬虫脸谱图集/opera-02-013-s.jpg,JPEG,123,150,0.82000000,13914,bf9b6395e6c5119c71db3ab0ab9ac0161899cd5164a26a3ef8919e45ac0ec977,readable,data/raw/脸谱新一步/网络图片汇总/013.jpg,yes
014,opera-02-014-s.jpg,爬虫脸谱图集/opera-02-014-s.jpg,JPEG,123,150,0.82000000,14130,981b7a724cb4c1ddb7e7c35b58a43683b50697b7816c25afc1b0ea85cc027d5a,readable,data/raw/脸谱新一步/网络图片汇总/014.jpg,yes
015,opera-02-015-s.jpg,爬虫脸谱图集/opera-02-015-s.jpg,JPEG,123,150,0.82000000,15215,63626bd6563a1f1768f32d6c704664f964ab837d264eed5618f32107a8469701,readable,data/raw/脸谱新一步/网络图片汇总/015.jpg,yes
016,opera-02-016-s.jpg,爬虫脸谱图集/opera-02-016-s.jpg,JPEG,123,150,0.82000000,13465,66059b16f4b60b18083a69eac83c270d282ad3d91cbb02f1c7741b12811054d8,readable,data/raw/脸谱新一步/网络图片汇总/016.jpg,yes
017,opera-02-017-s.jpg,爬虫脸谱图集/opera-02-017-s.jpg,JPEG,123,150,0.82000000,17182,a3561997cb0ec84abae100c97275fef2e5ffbc8fe427f6c07ad3d6b902a928b2,readable,data/raw/脸谱新一步/网络图片汇总/017.jpg,yes
018,opera-02-018-s.jpg,爬虫脸谱图集/opera-02-018-s.jpg,JPEG,123,152,0.80921053,14414,5fe10f6ab6a6d78cf42cb8e341f359d518f7982d3a9120bd22899da88d3e2620,readable,data/raw/脸谱新一步/网络图片汇总/018.jpg,yes
019,opera-02-019-s.jpg,爬虫脸谱图集/opera-02-019-s.jpg,JPEG,123,150,0.82000000,14421,0a430f12fe8a8fb9da6abd15a4b5e7483cbd5089e00853d609bff65847905565,readable,data/raw/脸谱新一步/网络图片汇总/019.jpg,yes
020,opera-02-020-s.jpg,爬虫脸谱图集/opera-02-020-s.jpg,JPEG,123,152,0.80921053,15745,ab78df7ad9999de1caf8250f02f234717e4ecd8f89c39cf48f320bd834183185,readable,data/raw/脸谱新一步/网络图片汇总/020.jpg,yes
021,opera-02-021-s.jpg,爬虫脸谱图集/opera-02-021-s.jpg,JPEG,123,150,0.82000000,14650,8722f7e4ecae3cd43124034d9e96297ec2aad6bb42dfccf48f27f813e7e72f1b,readable,data/raw/脸谱新一步/网络图片汇总/021.jpg,yes
022,opera-02-022-s.jpg,爬虫脸谱图集/opera-02-022-s.jpg,JPEG,88,110,0.80000000,3232,e8ef7fbfb021f7aae0d6cadfc705858420853f5e6536543011adfbb567d9147b,readable,data/raw/脸谱新一步/网络图片汇总/022.jpg,yes
023,opera-02-023-s.jpg,爬虫脸谱图集/opera-02-023-s.jpg,JPEG,90,110,0.81818182,3501,772c1b7e7e4f20561f007d6bfd0d13c4bf7a9c95f71764fdf82679c9810f20da,readable,data/raw/脸谱新一步/网络图片汇总/023.jpg,yes
024,opera-02-024-s.jpg,爬虫脸谱图集/opera-02-024-s.jpg,JPEG,89,110,0.80909091,3656,88212207f49e2794671f5fbcb00479ab5de38e9ff6bb8b7d8d5e668918ff368a,readable,data/raw/脸谱新一步/网络图片汇总/024.jpg,yes
025,opera-03-025-s.jpg,爬虫脸谱图集/opera-03-025-s.jpg,JPEG,90,110,0.81818182,3442,af3a110cba04c97785fa342932e795dab9c36070314f53361421b9863accefd7,readable,data/raw/脸谱新一步/网络图片汇总/025.jpg,yes
026,opera-03-026-s.jpg,爬虫脸谱图集/opera-03-026-s.jpg,JPEG,92,110,0.83636364,3385,33de83a76f067dd742058294fd74fa3523c5648570e9ed69fabfececb4b3fcdd,readable,data/raw/脸谱新一步/网络图片汇总/026.jpg,yes
027,opera-03-027-s.jpg,爬虫脸谱图集/opera-03-027-s.jpg,JPEG,88,110,0.80000000,3530,513d6da981902e51ec7b9dc1c486445ce11c4456ce6567e6e1505dd04e2a071a,readable,data/raw/脸谱新一步/网络图片汇总/027.jpg,yes
028,opera-03-028-s.jpg,爬虫脸谱图集/opera-03-028-s.jpg,JPEG,88,110,0.80000000,3648,d7f488522373c029149d0703720f289dcfe2497f6fae1b08021a2378137ebcd0,readable,data/raw/脸谱新一步/网络图片汇总/028.jpg,yes
029,opera-03-029-s.jpg,爬虫脸谱图集/opera-03-029-s.jpg,JPEG,90,110,0.81818182,3581,8ee0129b7d1d6fd8962c6e243112cab56989442ac47538873041efc65789a19d,readable,data/raw/脸谱新一步/网络图片汇总/029.jpg,yes
030,opera-03-030-s.jpg,爬虫脸谱图集/opera-03-030-s.jpg,JPEG,90,110,0.81818182,2862,61cd263aee22cbc46622b73238ae2687021a3026accb351b3e41be1f4cfb55f5,readable,data/raw/脸谱新一步/网络图片汇总/030.jpg,yes
031,opera-03-031-s.jpg,爬虫脸谱图集/opera-03-031-s.jpg,JPEG,89,110,0.80909091,3655,06524d1f1e6155253a0f2781eaecc3b114fd546e5a19bdfbb884c6f894b0421c,readable,data/raw/脸谱新一步/网络图片汇总/031.jpg,yes
032,opera-03-032-s.jpg,爬虫脸谱图集/opera-03-032-s.jpg,JPEG,91,110,0.82727273,3007,e01e3f54177edfe0f2b0fde2c8d8ab0dcc1ee80f4888d5cff3411ab457c944ae,readable,data/raw/脸谱新一步/网络图片汇总/032.jpg,yes
033,opera-03-033-s.jpg,爬虫脸谱图集/opera-03-033-s.jpg,JPEG,86,110,0.78181818,2772,e0a26f41a1726297a3e24b54dcec4a0e0c249a15039b2ff169b001eeae681917,readable,data/raw/脸谱新一步/网络图片汇总/033.jpg,yes
034,opera-03-034-s.jpg,爬虫脸谱图集/opera-03-034-s.jpg,JPEG,94,110,0.85454545,3106,2be8310d0e6991409a37464465232733d26b68cb8406d1ba271ecadeff429748,readable,data/raw/脸谱新一步/网络图片汇总/034.jpg,yes
035,opera-03-035-s.jpg,爬虫脸谱图集/opera-03-035-s.jpg,JPEG,90,110,0.81818182,3656,6f7cec255b65678d231a92a34428719131a1328d262dbe840d67c47eb0c803e0,readable,data/raw/脸谱新一步/网络图片汇总/035.jpg,yes
036,opera-03-036-s.jpg,爬虫脸谱图集/opera-03-036-s.jpg,JPEG,91,110,0.82727273,3562,1af245e1608b6bd0a472745266fe516970c95da37bddd493de4ca6d21a4c37f7,readable,data/raw/脸谱新一步/网络图片汇总/036.jpg,yes
037,opera-04-037-s.jpg,爬虫脸谱图集/opera-04-037-s.jpg,JPEG,89,110,0.80909091,3385,1c7e7cb74c6df22c756957b39bd090499ca76a9166c23cf4179cde3b9b7da69a,readable,data/raw/脸谱新一步/网络图片汇总/037.jpg,yes
038,opera-04-038-s.jpg,爬虫脸谱图集/opera-04-038-s.jpg,JPEG,92,110,0.83636364,3285,6321ffa1a965268ee54eaf63ac72dffe5b85d00f3bbd65f55636c776deffe9d7,readable,data/raw/脸谱新一步/网络图片汇总/038.jpg,yes
039,opera-04-039-s.jpg,爬虫脸谱图集/opera-04-039-s.jpg,JPEG,85,110,0.77272727,3061,95a20c97f6b07b26ce8f419d4d2226ad8950fd8dc23c0a395ff6bac854da7593,readable,data/raw/脸谱新一步/网络图片汇总/039.jpg,yes
040,opera-04-040-s.jpg,爬虫脸谱图集/opera-04-040-s.jpg,JPEG,86,110,0.78181818,3264,8d2204bc6c33012c79c2722f0849ecf3d52a5bbccd3ef4f08181b7a0271acffb,readable,data/raw/脸谱新一步/网络图片汇总/040.jpg,yes
041,opera-04-041-s.jpg,爬虫脸谱图集/opera-04-041-s.jpg,JPEG,88,110,0.80000000,5406,a94ba7f9f5ca05e184a57837a14445ec511725f8384d475ae560d178e77fbf7a,readable,data/raw/脸谱新一步/网络图片汇总/041.jpg,yes
042,opera-04-042-s.jpg,爬虫脸谱图集/opera-04-042-s.jpg,JPEG,89,110,0.80909091,5368,aa886fb42de15b1bb0e63276f0818c3bd041a21e099a91e7a81bb746e3e1357c,readable,data/raw/脸谱新一步/网络图片汇总/042.jpg,yes
043,opera-04-043-s.jpg,爬虫脸谱图集/opera-04-043-s.jpg,JPEG,91,110,0.82727273,5274,3a549bee7bdc5be4abaefc93ea9a5098e68959f0537cc1c0e1741887ed1fda32,readable,data/raw/脸谱新一步/网络图片汇总/043.jpg,yes
044,opera-04-044-s.jpg,爬虫脸谱图集/opera-04-044-s.jpg,JPEG,88,110,0.80000000,5407,801ea145dd5c2b3edd714ddf121c009f643a181f6ce5ca6ba7fe77086220054f,readable,data/raw/脸谱新一步/网络图片汇总/044.jpg,yes
045,opera-04-045-s.jpg,爬虫脸谱图集/opera-04-045-s.jpg,JPEG,88,110,0.80000000,5688,a648cae64564d1aac7df83f5461429a55f0fdbead48e13fe316bd3ecc7c9dda8,readable,data/raw/脸谱新一步/网络图片汇总/045.jpg,yes
046,opera-04-046-s.jpg,爬虫脸谱图集/opera-04-046-s.jpg,JPEG,88,110,0.80000000,4664,f14d8bd035707f484201d656c444143bdfda97f0d5d19a450154f72151d9bcea,readable,data/raw/脸谱新一步/网络图片汇总/046.jpg,yes
047,opera-04-047-s.jpg,爬虫脸谱图集/opera-04-047-s.jpg,JPEG,91,110,0.82727273,5152,875fd2d65fe87ff3b900da7f0acadec58fad45c8eda2a6e02010219f88f3e360,readable,data/raw/脸谱新一步/网络图片汇总/047.jpg,yes
048,opera-04-048-s.jpg,爬虫脸谱图集/opera-04-048-s.jpg,JPEG,93,110,0.84545455,4829,727ecdad46b97730576ec7ea4eb59bc7b2a30700378a3a60b6c1b0d669aca550,readable,data/raw/脸谱新一步/网络图片汇总/048.jpg,yes
049,opera-05-049-s.jpg,爬虫脸谱图集/opera-05-049-s.jpg,JPEG,88,110,0.80000000,4333,ab429e4c62d04928de0dc3ecaa06b4a70e25cda6ccf12fa3fbf968b6b6842b3c,readable,data/raw/脸谱新一步/网络图片汇总/049.jpg,yes
050,opera-05-050-s.jpg,爬虫脸谱图集/opera-05-050-s.jpg,JPEG,87,110,0.79090909,5309,88be0763dff56184d2136f0e05945f84f25fd01e625427385524da68ff529c37,readable,data/raw/脸谱新一步/网络图片汇总/050.jpg,yes
051,opera-05-051-s.jpg,爬虫脸谱图集/opera-05-051-s.jpg,JPEG,90,110,0.81818182,4900,2cdbba042cbd356c2e2d6b2a653b9b35f0bfe42ba8ab8ec2510601e6bd9bd5cc,readable,data/raw/脸谱新一步/网络图片汇总/051.jpg,yes
052,opera-05-052-s.jpg,爬虫脸谱图集/opera-05-052-s.jpg,JPEG,87,110,0.79090909,5496,c60a1e0aa76766b617f69523b4fcec85c3508d114d2f7402c6131ef4c65f6fb9,readable,data/raw/脸谱新一步/网络图片汇总/052.jpg,yes
053,opera-05-053-s.jpg,爬虫脸谱图集/opera-05-053-s.jpg,JPEG,90,110,0.81818182,5357,b338781fc14e1b5d8b0f894210d55547154333d4a991d9adef4f8569ad968bb4,readable,data/raw/脸谱新一步/网络图片汇总/053.jpg,yes
054,opera-05-054-s.jpg,爬虫脸谱图集/opera-05-054-s.jpg,JPEG,89,110,0.80909091,4583,ed1a8d9b18265b2cd3b5b0ad4e4cb88f2ba47a95f74d99feaa58557243fdf371,readable,data/raw/脸谱新一步/网络图片汇总/054.jpg,yes
055,opera-05-055-s.jpg,爬虫脸谱图集/opera-05-055-s.jpg,JPEG,88,110,0.80000000,5469,e9231f2e366c4d895d21db54ed5b7f0a72216eddeadd864582225ebcb6560811,readable,data/raw/脸谱新一步/网络图片汇总/055.jpg,yes
056,opera-05-056-s.jpg,爬虫脸谱图集/opera-05-056-s.jpg,JPEG,89,110,0.80909091,5074,808e4b3ef52cb3a85e4bb747833b06228cd499257ba5b6b64fd6c2d41ddf9e99,readable,data/raw/脸谱新一步/网络图片汇总/056.jpg,yes
057,opera-05-057-s.jpg,爬虫脸谱图集/opera-05-057-s.jpg,JPEG,90,110,0.81818182,5113,901db0a9016c29c41ab847a89591c4aa134592746285ab5b755f75614781126a,readable,data/raw/脸谱新一步/网络图片汇总/057.jpg,yes
058,opera-05-058-s.jpg,爬虫脸谱图集/opera-05-058-s.jpg,JPEG,90,110,0.81818182,5445,138cf23f716e83cb4b795e61178a29886a6fb5e98e9381a7aef0e5ebfbe10379,readable,data/raw/脸谱新一步/网络图片汇总/058.jpg,yes
059,opera-05-059-s.jpg,爬虫脸谱图集/opera-05-059-s.jpg,JPEG,90,110,0.81818182,4917,bdb709e8e82478de588c42382ebe03fd8acf0c5dab5077510fccd2f482bd39a1,readable,,not_available
060,opera-05-060-s.jpg,爬虫脸谱图集/opera-05-060-s.jpg,JPEG,90,110,0.81818182,5276,e5188b14ca7f73feb356af286f9db559911dcaaad33f5e8520b02dea3c91b1f0,readable,data/raw/脸谱新一步/网络图片汇总/060.jpg,yes
061,opera-06-061-s.jpg,爬虫脸谱图集/opera-06-061-s.jpg,JPEG,90,110,0.81818182,4473,5d6608ff04ead07eff4bc720a0f1fbf6dc25e71a4c6f0bdb8f073e40a374e5bb,readable,data/raw/脸谱新一步/网络图片汇总/061.jpg,yes
062,opera-06-062-s.jpg,爬虫脸谱图集/opera-06-062-s.jpg,JPEG,90,110,0.81818182,4921,79c17bcdddad4f5ebf89b50e56f5b2a631ddd69e4355b82d1077f0f1eaaf49bf,readable,data/raw/脸谱新一步/网络图片汇总/062.jpg,yes
063,opera-06-063-s.jpg,爬虫脸谱图集/opera-06-063-s.jpg,JPEG,90,110,0.81818182,4591,3b0b6384fb8b25ab1c184dc3bedeab5545d5a73536c6604fc780c91f41f8c510,readable,data/raw/脸谱新一步/网络图片汇总/063.jpg,yes
064,opera-06-064-s.jpg,爬虫脸谱图集/opera-06-064-s.jpg,JPEG,90,110,0.81818182,4694,8ca1ed564d4bcae1e8eeeaf1a5f11a93d9cb2b40d9368e8a0984733c1a41b858,readable,data/raw/脸谱新一步/网络图片汇总/064.jpg,yes
065,opera-06-065-s.jpg,爬虫脸谱图集/opera-06-065-s.jpg,JPEG,90,110,0.81818182,4878,07e5b058a103c8605eb02328b02ba8b9e23909d252d5bd6d2dd599a46b4d850a,readable,data/raw/脸谱新一步/网络图片汇总/065.jpg,yes
066,opera-06-066-s.jpg,爬虫脸谱图集/opera-06-066-s.jpg,JPEG,90,110,0.81818182,4547,0eec9e15a62d2892f4aa956fc248714d271e6621fe7d5d61c944e236d16973f9,readable,data/raw/脸谱新一步/网络图片汇总/066.jpg,yes
067,opera-06-067-s.jpg,爬虫脸谱图集/opera-06-067-s.jpg,JPEG,90,110,0.81818182,5563,24cae68aec9b811183146657b1ed398de72c32e79c7821313d3ded4f2db264ee,readable,data/raw/脸谱新一步/网络图片汇总/067.jpg,yes
068,opera-06-068-s.jpg,爬虫脸谱图集/opera-06-068-s.jpg,JPEG,90,110,0.81818182,4421,309b302ce0581cc321cb6421c5c0f7d8614439f75f647e5ae2ee07ca437db1e4,readable,data/raw/脸谱新一步/网络图片汇总/068.jpg,yes
069,opera-06-069-s.jpg,爬虫脸谱图集/opera-06-069-s.jpg,JPEG,90,110,0.81818182,5084,06c1888610f123553b281c1e77d3c03f6b20cb02e727b11170fd9d202055a61b,readable,data/raw/脸谱新一步/网络图片汇总/069.jpg,yes
070,opera-06-070-s.jpg,爬虫脸谱图集/opera-06-070-s.jpg,JPEG,90,110,0.81818182,5050,d4da2a77314ce62c11deeba0cf1af2b6d64c7beccb4aa162de2e6cb46e09572e,readable,data/raw/脸谱新一步/网络图片汇总/070.jpg,yes
071,opera-06-071-s.jpg,爬虫脸谱图集/opera-06-071-s.jpg,JPEG,90,110,0.81818182,3786,e649136fd00a3d49b8dcea9b781c22fcfe969eea8f49dedcc3db92a3166f3132,readable,data/raw/脸谱新一步/网络图片汇总/071.jpg,yes
072,opera-06-072-s.jpg,爬虫脸谱图集/opera-06-072-s.jpg,JPEG,90,110,0.81818182,4894,277cd7ce9d00ccc9db8020864fa4f8a7d6d3b9528dc19d1e6de45255b0a8d2da,readable,data/raw/脸谱新一步/网络图片汇总/072.jpg,yes
073,opera-07-073-s.jpg,爬虫脸谱图集/opera-07-073-s.jpg,JPEG,89,110,0.80909091,3656,684f8c235159daff5a0fc455c8aa74f0ae4b0dbfd9b945394a12997d7de1c3c2,readable,data/raw/脸谱新一步/网络图片汇总/073.jpg,yes
074,opera-07-074-s.jpg,爬虫脸谱图集/opera-07-074-s.jpg,JPEG,86,110,0.78181818,2942,874576c1fffb7673d4a456e587db7c3d53ea7b1b684117fe1826bf4c7db68e48,readable,data/raw/脸谱新一步/网络图片汇总/074.jpg,yes
075,opera-07-075-s.jpg,爬虫脸谱图集/opera-07-075-s.jpg,JPEG,90,110,0.81818182,2622,f013152aa3a02e4eaf647564e8b64c8ea6ea4c044641b84d95560aa63ca601bd,readable,data/raw/脸谱新一步/网络图片汇总/075.jpg,yes
076,opera-07-076-s.jpg,爬虫脸谱图集/opera-07-076-s.jpg,JPEG,89,110,0.80909091,3779,db0a6cfb89b813890d6a8639928c4045ebcb467358db09e4cee007375e900eab,readable,data/raw/脸谱新一步/网络图片汇总/076.jpg,yes
077,opera-07-077-s.jpg,爬虫脸谱图集/opera-07-077-s.jpg,JPEG,88,110,0.80000000,3718,33e30177fb6e5ef8d3bc787e0985ee80335a01cc264b974c9dbe84678a6d4958,readable,data/raw/脸谱新一步/网络图片汇总/077.jpg,yes
078,opera-07-078-s.jpg,爬虫脸谱图集/opera-07-078-s.jpg,JPEG,88,110,0.80000000,3734,afaec35136cd327d295d39a94da8f1bb56d7b59918d1d7ddba6ea0f9546764c8,readable,data/raw/脸谱新一步/网络图片汇总/078.jpg,yes
079,opera-07-079-s.jpg,爬虫脸谱图集/opera-07-079-s.jpg,JPEG,90,110,0.81818182,3356,ff59fd8e38ac0d56eabd63769680d3a97ad051694fb020d13e0a9e151b4cf6fc,readable,data/raw/脸谱新一步/网络图片汇总/079.jpg,yes
080,opera-07-080-s.jpg,爬虫脸谱图集/opera-07-080-s.jpg,JPEG,90,110,0.81818182,3131,e3b279a7a8168623da85d7f8382ab248dfeb8be883ce5da0e50c1538c10b7740,readable,data/raw/脸谱新一步/网络图片汇总/080.jpg,yes
081,opera-07-081-s.jpg,爬虫脸谱图集/opera-07-081-s.jpg,JPEG,91,110,0.82727273,3553,2617b229a1c4a1f55b829b081a308332ea7c4604c5be1f106ad414bf062b8a3e,readable,data/raw/脸谱新一步/网络图片汇总/081.jpg,yes
082,opera-07-082-s.jpg,爬虫脸谱图集/opera-07-082-s.jpg,JPEG,88,110,0.80000000,3822,bbd2366e6f90ac221f635167b1f758e9b27a396274aebd347f39613279c1dc7e,readable,data/raw/脸谱新一步/网络图片汇总/082.jpg,yes
083,opera-07-083-s.jpg,爬虫脸谱图集/opera-07-083-s.jpg,JPEG,90,110,0.81818182,2962,ea55ee6365a15ae5ae18382fb6e980e9636a3a1c07cb8fe55629a36a984c2c1b,readable,data/raw/脸谱新一步/网络图片汇总/083.jpg,yes
084,opera-07-084-s.jpg,爬虫脸谱图集/opera-07-084-s.jpg,JPEG,88,110,0.80000000,2732,e0aefa4a20252f897429d7914d3185139b28a28b3f85fa35398a3170d5b6ba6e,readable,data/raw/脸谱新一步/网络图片汇总/084.jpg,yes
085,opera-08-085-s.jpg,爬虫脸谱图集/opera-08-085-s.jpg,JPEG,89,110,0.80909091,3535,fc291f16fc0a37ff0b7d9848f9184db3438fd90cdfbee069dd2e5186c09309bc,readable,data/raw/脸谱新一步/网络图片汇总/085.jpg,yes
086,opera-08-086-s.jpg,爬虫脸谱图集/opera-08-086-s.jpg,JPEG,90,110,0.81818182,3802,74c98f11dff94618bdd7978c3df1312d7405b048ac6cca4eefcab05f525e7943,readable,data/raw/脸谱新一步/网络图片汇总/086.jpg,yes
087,opera-08-087-s.jpg,爬虫脸谱图集/opera-08-087-s.jpg,JPEG,89,110,0.80909091,2963,f3e9a359282a7b3f58e90ef37e14d868b5f79cd875d2ef6e84cefc377c179e3f,readable,data/raw/脸谱新一步/网络图片汇总/087.jpg,yes
088,opera-08-088-s.jpg,爬虫脸谱图集/opera-08-088-s.jpg,JPEG,88,110,0.80000000,3019,3ead117fd6cc5c09fd442e13fe16e7f9d823028d301baf39c43c83160a14be0d,readable,data/raw/脸谱新一步/网络图片汇总/088.jpg,yes
089,opera-08-089-s.jpg,爬虫脸谱图集/opera-08-089-s.jpg,JPEG,90,110,0.81818182,4113,bd05a21cf10f84933b4532887c249e1e219e197cec8a6245e10b46c1d346307d,readable,data/raw/脸谱新一步/网络图片汇总/089.jpg,yes
090,opera-08-090-s.jpg,爬虫脸谱图集/opera-08-090-s.jpg,JPEG,90,110,0.81818182,4352,9af0b0c033caba6b12b73e508ba7e43368b70c40eb4c5f2cfaf671154972cc18,readable,data/raw/脸谱新一步/网络图片汇总/090.jpg,yes
091,opera-08-091-s.jpg,爬虫脸谱图集/opera-08-091-s.jpg,JPEG,90,110,0.81818182,4380,547edbb3beafc8228e5a80816cdb06054cb7c9c246a89f9b4b0cefd56297c269,readable,data/raw/脸谱新一步/网络图片汇总/091.jpg,yes
092,opera-08-092-s.jpg,爬虫脸谱图集/opera-08-092-s.jpg,JPEG,90,110,0.81818182,4823,b9b7b5e64a22db74951329f1a1cc6e92944e9d8066577d72205a9ef7656370d7,readable,data/raw/脸谱新一步/网络图片汇总/092.jpg,yes
093,opera-08-093-s.jpg,爬虫脸谱图集/opera-08-093-s.jpg,JPEG,89,110,0.80909091,2885,ea7462c4ec067105fba9e7c7fb69f2321d52142e89a5bf632e5f675d331190d9,readable,data/raw/脸谱新一步/网络图片汇总/093.jpg,yes
094,opera-08-094-s.jpg,爬虫脸谱图集/opera-08-094-s.jpg,JPEG,89,110,0.80909091,3489,26b988ee1c5c1479432e256391f70612718a4ceae99dd8c1fb411e99047af746,readable,data/raw/脸谱新一步/网络图片汇总/094.jpg,yes
095,opera-08-095-s.jpg,爬虫脸谱图集/opera-08-095-s.jpg,JPEG,92,110,0.83636364,3304,e7260838baa52e048b56116cce56dc3de9af956d3be0560bc6cbbaa9c2f82c62,readable,data/raw/脸谱新一步/网络图片汇总/095.jpg,yes
096,opera-08-096-s.jpg,爬虫脸谱图集/opera-08-096-s.jpg,JPEG,90,110,0.81818182,3607,161588c0f8169117c5afc43563568c2c10e462f3180ebbc0c6cb2e1e95a342f9,readable,data/raw/脸谱新一步/网络图片汇总/096.jpg,yes
097,opera-09-097-s.jpg,爬虫脸谱图集/opera-09-097-s.jpg,JPEG,89,110,0.80909091,3547,bdb3867e2276147461c8b1d5f55fc481a5f4f379605ac5a09eabe11bd9d3b272,readable,data/raw/脸谱新一步/网络图片汇总/097.jpg,yes
098,opera-09-098-s.jpg,爬虫脸谱图集/opera-09-098-s.jpg,JPEG,84,110,0.76363636,3275,7c97c11df08111ad0e35777f273280f29f1c0c23c112957754be663394637b70,readable,data/raw/脸谱新一步/网络图片汇总/098.jpg,yes
099,opera-09-099-s.jpg,爬虫脸谱图集/opera-09-099-s.jpg,JPEG,87,110,0.79090909,3602,fba7c7cd9379d30d0405c174904e044c61540f4e13adc64738e36101f37b86e9,readable,data/raw/脸谱新一步/网络图片汇总/099.jpg,yes
100,opera-09-100-s.jpg,爬虫脸谱图集/opera-09-100-s.jpg,JPEG,87,110,0.79090909,2596,85a8571566fa16d82a413b9036c821aed4f07ae40f03f4adf5d88fc687cba013,readable,data/raw/脸谱新一步/网络图片汇总/100.jpg,yes
101,opera-09-101-s.jpg,爬虫脸谱图集/opera-09-101-s.jpg,JPEG,88,110,0.80000000,3707,f22f7439ccbefdbb693459bcd83d163a470b172954f7c1a99c2c922a0b35b6d5,readable,data/raw/脸谱新一步/网络图片汇总/101.jpg,yes
102,opera-09-102-s.jpg,爬虫脸谱图集/opera-09-102-s.jpg,JPEG,89,110,0.80909091,3812,1e04a3990e3979de4402d3d50ea6f55e39cca2c4b2c194addf07a7ecbebfec4b,readable,data/raw/脸谱新一步/网络图片汇总/102.jpg,yes
103,opera-09-103-s.jpg,爬虫脸谱图集/opera-09-103-s.jpg,JPEG,89,110,0.80909091,3496,770ea8a850f5fdff7455922b5bbaf1a8e2abdc49083179106b84ee4fc627fb72,readable,data/raw/脸谱新一步/网络图片汇总/103.jpg,yes
104,opera-09-104-s.jpg,爬虫脸谱图集/opera-09-104-s.jpg,JPEG,86,110,0.78181818,3141,d42f1f03f9176641101de9492999b7eb1663ff8c3babb65b1d75da750fd3aeee,readable,data/raw/脸谱新一步/网络图片汇总/104.jpg,yes
105,opera-09-105-s.jpg,爬虫脸谱图集/opera-09-105-s.jpg,JPEG,91,110,0.82727273,4887,47ddea2f582773194682352cda8bb32717008830adbc965ebaf1d9438a804f90,readable,data/raw/脸谱新一步/网络图片汇总/105.jpg,yes
106,opera-09-106-s.jpg,爬虫脸谱图集/opera-09-106-s.jpg,JPEG,91,110,0.82727273,4398,5727df638da56a32de40f51b4039ab04f6a926a515c42f35ebadedc40b933a8c,readable,data/raw/脸谱新一步/网络图片汇总/106.jpg,yes
107,opera-09-107-s.jpg,爬虫脸谱图集/opera-09-107-s.jpg,JPEG,89,110,0.80909091,5373,4d761ae82badc0adf934053b169d6691c7aea4027d673985a3ae8e5cd4297c61,readable,data/raw/脸谱新一步/网络图片汇总/107.jpg,yes
108,opera-09-108-s.jpg,爬虫脸谱图集/opera-09-108-s.jpg,JPEG,89,110,0.80909091,5329,17b42891c809356efa10d6bd18add275b8a56338839edc12ad7161c0a755ff58,readable,data/raw/脸谱新一步/网络图片汇总/108.jpg,yes
109,opera-10-109-s.jpg,爬虫脸谱图集/opera-10-109-s.jpg,JPEG,89,110,0.80909091,5430,c3b4ebca1c858f3b04f18822bfee12d425b3e67844e4bce218a9dc105c3ed8be,readable,data/raw/脸谱新一步/网络图片汇总/109.jpg,yes
110,opera-10-110-s.jpg,爬虫脸谱图集/opera-10-110-s.jpg,JPEG,89,110,0.80909091,5303,d26bd894d0b16daf0939da7c6a84dee3c516a6cdf174bade6f83b47b8d04c63f,readable,data/raw/脸谱新一步/网络图片汇总/110.jpg,yes
111,opera-10-111-s.jpg,爬虫脸谱图集/opera-10-111-s.jpg,JPEG,90,110,0.81818182,5060,0cf0bf5c77d652075c70c46093597f8df877d8be83e15aedc95be2de29908136,readable,data/raw/脸谱新一步/网络图片汇总/111.jpg,yes
112,opera-10-112-s.jpg,爬虫脸谱图集/opera-10-112-s.jpg,JPEG,90,110,0.81818182,5311,da7059de997dff36d3448261a1817db99c454be89cabe45b6dec4f24d80479e1,readable,data/raw/脸谱新一步/网络图片汇总/112.jpg,yes
113,opera-10-113-s.jpg,爬虫脸谱图集/opera-10-113-s.jpg,JPEG,88,110,0.80000000,3918,a4f82b57cd820f15f51168105406d80d1b6e59922477acc39d71a68f4e526cee,readable,data/raw/脸谱新一步/网络图片汇总/113.jpg,yes
114,opera-10-114-s.jpg,爬虫脸谱图集/opera-10-114-s.jpg,JPEG,91,110,0.82727273,4578,b5383b20eb034f4730ff39e06be77208863f8a0f7c68cf0d06923ecaba98b24d,readable,data/raw/脸谱新一步/网络图片汇总/114.jpg,yes
115,opera-10-115-s.jpg,爬虫脸谱图集/opera-10-115-s.jpg,JPEG,89,110,0.80909091,5024,6d5479e10726d567971305b82c2e1cac8b3e7cdb80fab5c28b0efc43b911bd9c,readable,data/raw/脸谱新一步/网络图片汇总/115.jpg,yes
116,opera-10-116-s.jpg,爬虫脸谱图集/opera-10-116-s.jpg,JPEG,89,110,0.80909091,4461,2f8febbb36850ba8e23ef13d35af3d8182025bf81e6ad7f16cbfe6f3edffd7d7,readable,data/raw/脸谱新一步/网络图片汇总/116.jpg,yes
117,opera-10-117-s.jpg,爬虫脸谱图集/opera-10-117-s.jpg,JPEG,89,110,0.80909091,4817,aeef230a2c6bae0f029c11c648badfa0db8f77559311ebc7f641c57f226fdec1,readable,data/raw/脸谱新一步/网络图片汇总/117.jpg,yes
118,opera-10-118-s.jpg,爬虫脸谱图集/opera-10-118-s.jpg,JPEG,90,110,0.81818182,4507,d79f7df0f342fd020aceaf67f50f7efddff338f930117f231d5e4b56777f24e6,readable,data/raw/脸谱新一步/网络图片汇总/118.jpg,yes
119,opera-10-119-s.jpg,爬虫脸谱图集/opera-10-119-s.jpg,JPEG,90,110,0.81818182,4511,cf9fbeedd92c222852294ba5008a4ccff3b9a54560835a076f6de1c821f5919b,readable,data/raw/脸谱新一步/网络图片汇总/119.jpg,yes
120,opera-10-120-s.jpg,爬虫脸谱图集/opera-10-120-s.jpg,JPEG,90,110,0.81818182,5214,58087fabb6b56c35de63673d6e7b6f3f2e14c6206222afa8c085bbb62f878d9d,readable,data/raw/脸谱新一步/网络图片汇总/120.jpg,yes
121,opera-11-121-s.jpg,爬虫脸谱图集/opera-11-121-s.jpg,JPEG,83,110,0.75454545,3124,2ededfdf3ca19229f29fcb6beee24c92196ca394fc4fd0b0a49ac99fe952c27b,readable,data/raw/脸谱新一步/网络图片汇总/121.jpg,yes
122,opera-11-122-s.jpg,爬虫脸谱图集/opera-11-122-s.jpg,JPEG,90,110,0.81818182,3952,d7986c877e6567064db3f0c67efcc32e30b4cf7d9fc7df0091e00cf345f9c378,readable,data/raw/脸谱新一步/网络图片汇总/122.jpg,yes
123,opera-11-123-s.jpg,爬虫脸谱图集/opera-11-123-s.jpg,JPEG,90,110,0.81818182,4112,c7630fd29a15e134eec5c7d0cf1bfa8f4be42f6f361312ba553e5b4b915696f4,readable,data/raw/脸谱新一步/网络图片汇总/123.jpg,yes
124,opera-11-124-s.jpg,爬虫脸谱图集/opera-11-124-s.jpg,JPEG,90,110,0.81818182,4771,fc7eccd1468168f698ee35039e9a583b2c67961d3bb493c1f520c551a8e083c4,readable,data/raw/脸谱新一步/网络图片汇总/124.jpg,yes
125,opera-11-125-s.jpg,爬虫脸谱图集/opera-11-125-s.jpg,JPEG,90,110,0.81818182,5389,0d385c9ffc5a1a42e7007ff9739fdce87916f5a5811c92e828eb76cac6d44ba6,readable,data/raw/脸谱新一步/网络图片汇总/125.jpg,yes
126,opera-11-126-s.jpg,爬虫脸谱图集/opera-11-126-s.jpg,JPEG,87,110,0.79090909,3789,dee77b7405f8fcaadce36ce107b0c2fbdee698dd805b15c6fdd0ce6e79775e79,readable,data/raw/脸谱新一步/网络图片汇总/126.jpg,yes
127,opera-11-127-s.jpg,爬虫脸谱图集/opera-11-127-s.jpg,JPEG,123,150,0.82000000,12480,9cf4d95bcab59a7a637ce66a4c2124062f6c9df13aef6e03c27d1a0ab7e0393c,readable,data/raw/脸谱新一步/网络图片汇总/127.jpg,yes
128,opera-11-128-s.jpg,爬虫脸谱图集/opera-11-128-s.jpg,JPEG,123,150,0.82000000,13110,0247ea7b198d3c455f247b741a46954b4e36a90997db3e0b78e2c853af3060fb,readable,data/raw/脸谱新一步/网络图片汇总/128.jpg,yes
129,opera-11-129-s.jpg,爬虫脸谱图集/opera-11-129-s.jpg,JPEG,123,150,0.82000000,12752,f7971d5583ab9fdb8d86daca2e4cd5933b4e7d30c0f6abb5e1d01fa29dfb63f7,readable,data/raw/脸谱新一步/网络图片汇总/129.jpg,yes
130,opera-11-130-s.jpg,爬虫脸谱图集/opera-11-130-s.jpg,JPEG,123,150,0.82000000,13840,641c9a427154e1b3631b8c4bebf0f0968a1aa9fc57c0b23c9bdae4a362dbed0b,readable,data/raw/脸谱新一步/网络图片汇总/130.jpg,yes
131,opera-11-131-s.jpg,爬虫脸谱图集/opera-11-131-s.jpg,JPEG,123,150,0.82000000,15199,d0b4a2b895b9803b06d8c8672b693c98f2d93856b1d3ab13e92f8e92f224a2cc,readable,data/raw/脸谱新一步/网络图片汇总/131.jpg,yes
132,opera-11-132-s.jpg,爬虫脸谱图集/opera-11-132-s.jpg,JPEG,123,150,0.82000000,13112,c4f39ff56dcdbd3aebbd78109b1fee28f2bf35e383ddcfd83cda78ac543e961e,readable,data/raw/脸谱新一步/网络图片汇总/132.jpg,yes
133,opera-12-133-s.jpg,爬虫脸谱图集/opera-12-133-s.jpg,JPEG,123,150,0.82000000,13849,7a708dafd4e893e93736c781d8835a0716e459d1051295c3f73da76aee6592e8,readable,data/raw/脸谱新一步/网络图片汇总/133.jpg,yes
134,opera-12-134-s.jpg,爬虫脸谱图集/opera-12-134-s.jpg,JPEG,123,150,0.82000000,12464,7fbe6910cca88505b8de05cdff5c1040db24d745ebba1fab7ead1f71d6ab3484,readable,data/raw/脸谱新一步/网络图片汇总/134.jpg,yes
135,opera-12-135-s.jpg,爬虫脸谱图集/opera-12-135-s.jpg,JPEG,123,150,0.82000000,14105,f340946b8663ec2d49fa95c85fbb49a468c286a72ae4acf5d113cc1008d69269,readable,data/raw/脸谱新一步/网络图片汇总/135.jpg,yes
136,opera-12-136-s.jpg,爬虫脸谱图集/opera-12-136-s.jpg,JPEG,123,150,0.82000000,13196,b08c8a586fa0a70fe73c88fdd1c2d2cf5dbf9dfa9a7ff089382989c0238836ab,readable,data/raw/脸谱新一步/网络图片汇总/136.jpg,yes
137,opera-12-137-s.jpg,爬虫脸谱图集/opera-12-137-s.jpg,JPEG,123,151,0.81456954,14851,7e152a93c32626992e453b525b89fe021c3086b66217d5bab0990a170ff1f3ab,readable,data/raw/脸谱新一步/网络图片汇总/137.jpg,yes
138,opera-12-138-s.jpg,爬虫脸谱图集/opera-12-138-s.jpg,JPEG,123,150,0.82000000,14361,c219e0540b74638446ad4cd66e5c512d088b9892a537b6243d88b7e432ea6a7e,readable,data/raw/脸谱新一步/网络图片汇总/138.jpg,yes
139,opera-12-139-s.jpg,爬虫脸谱图集/opera-12-139-s.jpg,JPEG,123,150,0.82000000,13349,8e9170db33a4a54ccda00eff9eef59f0f1b15f8d993ed37dcad88bf9dc2c8774,readable,data/raw/脸谱新一步/网络图片汇总/139.jpg,yes
140,opera-12-140-s.jpg,爬虫脸谱图集/opera-12-140-s.jpg,JPEG,123,150,0.82000000,12688,8cee4d7a3f48e771d6d5b800bd667036f1fd9e073ec43b3ffdb0a471bbcf32a3,readable,data/raw/脸谱新一步/网络图片汇总/140.jpg,yes
141,opera-12-141-s.jpg,爬虫脸谱图集/opera-12-141-s.jpg,JPEG,123,150,0.82000000,14583,d8ca3f88cbb747f23da96bcc19152ae26acebf743f26a1ee39d32e1fdd7614ff,readable,data/raw/脸谱新一步/网络图片汇总/141.jpg,yes
142,opera-12-142-s.jpg,爬虫脸谱图集/opera-12-142-s.jpg,JPEG,123,150,0.82000000,14384,39f9aa4b459699b3de4cbf7e68cbf847e0e770164dc9ad58bdd81aafd28f142c,readable,data/raw/脸谱新一步/网络图片汇总/142.jpg,yes
143,opera-12-143-s.jpg,爬虫脸谱图集/opera-12-143-s.jpg,JPEG,123,150,0.82000000,13398,2786191a41db6c4682ab11850d419ec54d8dfcbf5679506e4d1fbf3378a2ffac,readable,data/raw/脸谱新一步/网络图片汇总/143.jpg,yes
144,opera-12-144-s.jpg,爬虫脸谱图集/opera-12-144-s.jpg,JPEG,123,150,0.82000000,13571,bc8ff070ab312c74a9b6548a8e19d0c6594423e4997a252824d5f84c14160b30,readable,data/raw/脸谱新一步/网络图片汇总/144.jpg,yes
145,opera-13-145-s.jpg,爬虫脸谱图集/opera-13-145-s.jpg,JPEG,123,150,0.82000000,13818,3941e6921eaf51c34efeb21d9b9aad717064413a0374e413f0f44f349799be6d,readable,data/raw/脸谱新一步/网络图片汇总/145.jpg,yes
146,opera-13-146-s.jpg,爬虫脸谱图集/opera-13-146-s.jpg,JPEG,123,150,0.82000000,15430,0cbf11e065ec9e384ab14ebd25ef46dc791386aba72bbb5eab8dda8a7dbced1e,readable,data/raw/脸谱新一步/网络图片汇总/146.jpg,yes
147,opera-13-147-s.jpg,爬虫脸谱图集/opera-13-147-s.jpg,JPEG,123,150,0.82000000,12546,363fbda12852d71b2a201a409272bc0ecc9544865bb42754d11dc4a590fd0293,readable,data/raw/脸谱新一步/网络图片汇总/147.jpg,yes
148,opera-13-148-s.jpg,爬虫脸谱图集/opera-13-148-s.jpg,JPEG,123,150,0.82000000,15164,7ceb12cce50ddc87d9deb9f173595a5af62d03643f72236988753c7e5f72e95d,readable,data/raw/脸谱新一步/网络图片汇总/148.jpg,yes
149,opera-13-149-s.jpg,爬虫脸谱图集/opera-13-149-s.jpg,JPEG,123,150,0.82000000,14802,8e9429f841ac41f531169aefb77610c0e7e42e1d6916c58d7f94845843f2c040,readable,data/raw/脸谱新一步/网络图片汇总/149.jpg,yes
150,opera-13-150-s.jpg,爬虫脸谱图集/opera-13-150-s.jpg,JPEG,123,150,0.82000000,15305,e630a231b11f32e569378e8ba0a7178e8b1a5cc36216c5b013bbad0e9e6e22ec,readable,data/raw/脸谱新一步/网络图片汇总/150.jpg,yes
151,opera-13-151-s.jpg,爬虫脸谱图集/opera-13-151-s.jpg,JPEG,123,150,0.82000000,14979,52411277150b5451f608832552777af43237041e44b5b5ff94bcf010f5bad2b5,readable,data/raw/脸谱新一步/网络图片汇总/151.jpg,yes
152,opera-13-152-s.jpg,爬虫脸谱图集/opera-13-152-s.jpg,JPEG,123,150,0.82000000,14940,399a108fa88cbd22119b6611df03f328ca001a7364af992f2698eaa122d6e0ea,readable,data/raw/脸谱新一步/网络图片汇总/152.jpg,yes
153,opera-13-153-s.jpg,爬虫脸谱图集/opera-13-153-s.jpg,JPEG,123,150,0.82000000,15307,c5ca48c31108e75d54c626fcda42ef2b67b517eaf2d037cd2aee2e32be05fedd,readable,data/raw/脸谱新一步/网络图片汇总/153.jpg,yes
154,opera-13-154-s.jpg,爬虫脸谱图集/opera-13-154-s.jpg,JPEG,123,150,0.82000000,13855,bb3b9c6413bb4d333f7c8d2f0a54ff29848ae651176a3ff1d44beab10c43d462,readable,data/raw/脸谱新一步/网络图片汇总/154.jpg,yes
155,opera-13-155-s.jpg,爬虫脸谱图集/opera-13-155-s.jpg,JPEG,123,150,0.82000000,15356,83717b6c72caa94159cffb2f244ef0c62a0f3d88d15b646a553e1e105676a964,readable,data/raw/脸谱新一步/网络图片汇总/155.jpg,yes
156,opera-13-156-s.jpg,爬虫脸谱图集/opera-13-156-s.jpg,JPEG,123,150,0.82000000,14336,d6993c4e2229ec0656ebec1c59cb719874675b42429d2c25b7fa5a08a78118f1,readable,data/raw/脸谱新一步/网络图片汇总/156.jpg,yes
157,opera-14-157-s.jpg,爬虫脸谱图集/opera-14-157-s.jpg,JPEG,123,150,0.82000000,14732,0c561fc06a5989d54ed9f977b4820933b6602174283555293e14baf89a16a4ad,readable,data/raw/脸谱新一步/网络图片汇总/157.jpg,yes
158,opera-14-158-s.jpg,爬虫脸谱图集/opera-14-158-s.jpg,JPEG,123,150,0.82000000,15696,517fb2528b32719c5bc4dc3642d2eee4df18061f23dc346216859d7a69fa54a3,readable,data/raw/脸谱新一步/网络图片汇总/158.jpg,yes
159,opera-14-159-s.jpg,爬虫脸谱图集/opera-14-159-s.jpg,JPEG,123,150,0.82000000,14491,7c21b232f02e3f0c96d4dd88037872c1a8e8dd70fe66f0ed6b07d435ca7fd8a8,readable,data/raw/脸谱新一步/网络图片汇总/159.jpg,yes
160,opera-14-160-s.jpg,爬虫脸谱图集/opera-14-160-s.jpg,JPEG,123,150,0.82000000,13405,c89aa5518cf5cd67ddde304e9a0f877be12360b52e976fb86b1f0c1e164902b7,readable,data/raw/脸谱新一步/网络图片汇总/160.jpg,yes
161,opera-14-161-s.jpg,爬虫脸谱图集/opera-14-161-s.jpg,JPEG,123,150,0.82000000,13809,01958eacac136db12cd118631573af032b07c4eaf7a393cacf3cc6ae4df4a3aa,readable,data/raw/脸谱新一步/网络图片汇总/161.jpg,yes
162,opera-14-162-s.jpg,爬虫脸谱图集/opera-14-162-s.jpg,JPEG,123,150,0.82000000,14438,169c4562ea5986518f162edb7d854716d3fd70403a7699a68ecf65c852759474,readable,data/raw/脸谱新一步/网络图片汇总/162.jpg,yes
163,opera-14-163-s.jpg,爬虫脸谱图集/opera-14-163-s.jpg,JPEG,123,150,0.82000000,14702,8a098085e2c59325bb1b0952e667a26830bfec74fa3e7d96a51b81c95f58ac96,readable,data/raw/脸谱新一步/网络图片汇总/163.jpg,yes
164,opera-14-164-s.jpg,爬虫脸谱图集/opera-14-164-s.jpg,JPEG,123,150,0.82000000,13167,b24e8ff89e505da9a819c7a6c025d1f7dca4d44a4760ccb0b46d8fb3a419a68f,readable,data/raw/脸谱新一步/网络图片汇总/164.jpg,yes
165,opera-14-165-s.jpg,爬虫脸谱图集/opera-14-165-s.jpg,JPEG,123,150,0.82000000,13598,dba0d735f8fb333bfdfbcac96ac981a5d344939810be6f8bc7101432a445775c,readable,data/raw/脸谱新一步/网络图片汇总/165.jpg,yes
166,opera-14-166-s.jpg,爬虫脸谱图集/opera-14-166-s.jpg,JPEG,123,150,0.82000000,12565,30b406c68c931652eb1ee5c8a337b5e48ccbfe0094792cf20404be4b7a09efa9,readable,data/raw/脸谱新一步/网络图片汇总/166.jpg,yes
167,opera-14-167-s.jpg,爬虫脸谱图集/opera-14-167-s.jpg,JPEG,123,150,0.82000000,13100,97819c10e49b7445a733c7fcaed6de5020cb40e0b988e0d9e408c752d3ee76eb,readable,data/raw/脸谱新一步/网络图片汇总/167.jpg,yes
168,opera-14-168-s.jpg,爬虫脸谱图集/opera-14-168-s.jpg,JPEG,123,150,0.82000000,12689,7a017356fc9fc4205bb534ec875c8d669faa54f36f5d71845815be96fb0f1fed,readable,data/raw/脸谱新一步/网络图片汇总/168.jpg,yes
169,opera-15-169-s.jpg,爬虫脸谱图集/opera-15-169-s.jpg,JPEG,123,150,0.82000000,12929,3e0693f7365cf6d49c58c12e1a483568d6db5c310d7229c0475b9a8c5f35cb57,readable,data/raw/脸谱新一步/网络图片汇总/169.jpg,yes
170,opera-15-170-s.jpg,爬虫脸谱图集/opera-15-170-s.jpg,JPEG,123,150,0.82000000,14927,39ec737d7a28dc7faf0bf4cfc3be203c77fef15cc9a7f3c043fad3a008bf90d0,readable,data/raw/脸谱新一步/网络图片汇总/170.jpg,yes
171,opera-15-171-s.jpg,爬虫脸谱图集/opera-15-171-s.jpg,JPEG,123,150,0.82000000,13548,0ccfa4aaa1e8c937a9eb1a9e22cba529adcc0616721f32570bb95ab795f347b4,readable,data/raw/脸谱新一步/网络图片汇总/171.jpg,yes
172,opera-15-172-s.jpg,爬虫脸谱图集/opera-15-172-s.jpg,JPEG,123,150,0.82000000,12744,111f0206a7f8aa90121066290d024157cf7f64bdf0cdd42caf5f04efe2010e45,readable,data/raw/脸谱新一步/网络图片汇总/172.jpg,yes
173,opera-15-173-s.jpg,爬虫脸谱图集/opera-15-173-s.jpg,JPEG,123,150,0.82000000,13453,549b450aaf4de8d4885eba2de50dd329f934a550eb32134f6d33c0f46c53ae91,readable,data/raw/脸谱新一步/网络图片汇总/173.jpg,yes
174,opera-15-174-s.jpg,爬虫脸谱图集/opera-15-174-s.jpg,JPEG,123,150,0.82000000,14960,1426fb4a323e3719b0a5433f2a83df3aa6577c5d63e9bcdf5d72fc743b7e2b85,readable,data/raw/脸谱新一步/网络图片汇总/174.jpg,yes
175,opera-15-175-s.jpg,爬虫脸谱图集/opera-15-175-s.jpg,JPEG,123,150,0.82000000,14389,582366cdf23c20507df0de06f6d03a71c8311be1c87c3af9703c2fe33c45c2c1,readable,data/raw/脸谱新一步/网络图片汇总/175.jpg,yes
176,opera-15-176-s.jpg,爬虫脸谱图集/opera-15-176-s.jpg,JPEG,123,150,0.82000000,14429,0698a43b8c55606580ad5559f778a70e2343ff708d82f23b539121185536d5a0,readable,data/raw/脸谱新一步/网络图片汇总/176.jpg,yes
177,opera-15-177-s.jpg,爬虫脸谱图集/opera-15-177-s.jpg,JPEG,123,150,0.82000000,13795,b38916581e3cb6562fac63ce19aa590e0273a6f8e56648e0b4f27d0a2cfe7a35,readable,data/raw/脸谱新一步/网络图片汇总/177.jpg,yes
178,opera-15-178-s.jpg,爬虫脸谱图集/opera-15-178-s.jpg,JPEG,123,150,0.82000000,14273,e59b99ea26ca536776fec15a876bd775514a300e440614b35f1ef020e40e5a3c,readable,data/raw/脸谱新一步/网络图片汇总/178.jpg,yes
179,opera-15-179-s.jpg,爬虫脸谱图集/opera-15-179-s.jpg,JPEG,123,150,0.82000000,13180,7c33002e249a403277051aa34b0fe0584fff1cb6486150818a2c358f52b8c340,readable,data/raw/脸谱新一步/网络图片汇总/179.jpg,yes
180,opera-15-180-s.jpg,爬虫脸谱图集/opera-15-180-s.jpg,JPEG,123,150,0.82000000,14843,a5b5b62347047d676eb632ae9b685400bdd7a70794c3f02140af4d97d561d2a2,readable,data/raw/脸谱新一步/网络图片汇总/180.jpg,yes
181,opera-16-181-s.jpg,爬虫脸谱图集/opera-16-181-s.jpg,JPEG,123,150,0.82000000,14709,c8565f955d4f82f061ccb57b4a56147ce864121d840f2498e71280e47b061573,readable,data/raw/脸谱新一步/网络图片汇总/181.jpg,yes
182,opera-16-182-s.jpg,爬虫脸谱图集/opera-16-182-s.jpg,JPEG,123,150,0.82000000,12483,230ea9b72c1d71fa814bc941bd24ad569ddc67d23166a71f5dee6f9c5dce342b,readable,data/raw/脸谱新一步/网络图片汇总/182.jpg,yes
183,opera-16-183-s.jpg,爬虫脸谱图集/opera-16-183-s.jpg,JPEG,123,150,0.82000000,14460,07eceaac81c9bd331a390aed4b8a17882c385670bd6432675168085eec49993b,readable,data/raw/脸谱新一步/网络图片汇总/183.jpg,yes
184,opera-16-184-s.jpg,爬虫脸谱图集/opera-16-184-s.jpg,JPEG,123,150,0.82000000,13916,128c41cd70967da4d18ca1e13e316570c06a56d6fda810fcbdca06dcaf5f9b05,readable,data/raw/脸谱新一步/网络图片汇总/184.jpg,yes
185,opera-16-185-s.jpg,爬虫脸谱图集/opera-16-185-s.jpg,JPEG,123,150,0.82000000,14932,264ebcc5099c6863d64c0ca26f7048d3ccc83fbefd25945ca0666e519a426488,readable,data/raw/脸谱新一步/网络图片汇总/185.jpg,yes
186,opera-16-186-s.jpg,爬虫脸谱图集/opera-16-186-s.jpg,JPEG,123,150,0.82000000,12631,b47e854953e4297b38aa376a5066037f0d7945cfe76e1805bea0d64fdaa5ea9c,readable,data/raw/脸谱新一步/网络图片汇总/186.jpg,yes
187,opera-16-187-s.jpg,爬虫脸谱图集/opera-16-187-s.jpg,JPEG,123,150,0.82000000,13437,18fe4c6c54e107afc46c6cb4ae4d059d89e798251f9f766c56261db2961773f3,readable,data/raw/脸谱新一步/网络图片汇总/187.jpg,yes
188,opera-16-188-s.jpg,爬虫脸谱图集/opera-16-188-s.jpg,JPEG,123,150,0.82000000,14292,9a5c3f96e474963b87ef4db28b68386d1944e2aaa392d04ff756ee867db1be87,readable,data/raw/脸谱新一步/网络图片汇总/188.jpg,yes
189,opera-16-189-s.jpg,爬虫脸谱图集/opera-16-189-s.jpg,JPEG,123,150,0.82000000,14459,ea498d911de6fd413b90b7a633485f9201e4ea66b8fc9d200c4aa19bc1070005,readable,data/raw/脸谱新一步/网络图片汇总/189.jpg,yes
190,opera-16-190-s.jpg,爬虫脸谱图集/opera-16-190-s.jpg,JPEG,123,150,0.82000000,12103,5396b812844ecb98eabfc3ccadba6f9c9ef44aacb49e16242ea8a058cbf1110f,readable,data/raw/脸谱新一步/网络图片汇总/190.jpg,yes
191,opera-16-191-s.jpg,爬虫脸谱图集/opera-16-191-s.jpg,JPEG,123,150,0.82000000,13725,426abcbc14cec1b0455eec088313b06e9ad9991700615f57f4ff9881c30be8d8,readable,data/raw/脸谱新一步/网络图片汇总/191.jpg,yes
192,opera-16-192-s.jpg,爬虫脸谱图集/opera-16-192-s.jpg,JPEG,123,150,0.82000000,14609,bb30cc02d3e5b38377fa4fbcba49c343c498c8d0b792542fd9bdc7a5282ab537,readable,data/raw/脸谱新一步/网络图片汇总/192.jpg,yes
193,opera-17-193-s.jpg,爬虫脸谱图集/opera-17-193-s.jpg,JPEG,123,150,0.82000000,12853,3d8e7c3d50774f99bda8ed6dd078f8aa95f6ddfe5d2cfa7f95287279e146bc82,readable,data/raw/脸谱新一步/网络图片汇总/193.jpg,yes
194,opera-17-194-s.jpg,爬虫脸谱图集/opera-17-194-s.jpg,JPEG,123,150,0.82000000,13170,c211ddd666f27f06d5276c6bc7a5a5f06e8f5a6fa410fe91ff339a43403a8d17,readable,data/raw/脸谱新一步/网络图片汇总/194.jpg,yes
195,opera-17-195-s.jpg,爬虫脸谱图集/opera-17-195-s.jpg,JPEG,123,150,0.82000000,12592,ef78bc1ca3d47a5089cc258720d13b18f55abe93044915b4cd941e8b7c105015,readable,data/raw/脸谱新一步/网络图片汇总/195.jpg,yes
196,opera-17-196-s.jpg,爬虫脸谱图集/opera-17-196-s.jpg,JPEG,123,150,0.82000000,12608,e371e1462a1c2da80467769fb37b92d10a602a33019d53d908fa085d807fe756,readable,data/raw/脸谱新一步/网络图片汇总/196.jpg,yes
197,opera-17-197-s.jpg,爬虫脸谱图集/opera-17-197-s.jpg,JPEG,123,150,0.82000000,14325,b391872326d1b4d016348f81b3e1f6cdc870b08d050c0e1d44c770bb086bb020,readable,data/raw/脸谱新一步/网络图片汇总/197.jpg,yes
198,opera-17-198-s.jpg,爬虫脸谱图集/opera-17-198-s.jpg,JPEG,123,150,0.82000000,12597,0a4410bbfa5d20497490982f1dbd0e4a224542449eee26dbd29bed0fc7ca93bb,readable,data/raw/脸谱新一步/网络图片汇总/198.jpg,yes
199,opera-17-199-s.jpg,爬虫脸谱图集/opera-17-199-s.jpg,JPEG,123,150,0.82000000,13983,08e2356360362abd721cc5e5efa8068888ab19788800b165fb76ad1121b44d9c,readable,,not_available
200,opera-17-200-s.jpg,爬虫脸谱图集/opera-17-200-s.jpg,JPEG,123,150,0.82000000,13158,77c0b0cde1c4521814f51840463dc4a65a162ac7f277a415cb29cf11377125f1,readable,,not_available
201,opera-17-201-s.jpg,爬虫脸谱图集/opera-17-201-s.jpg,JPEG,123,150,0.82000000,14018,9b05928b5472629ac2db14a89be4b778504207f5add95fe3364b5622ed39632d,readable,,not_available
202,opera-17-202-s.jpg,爬虫脸谱图集/opera-17-202-s.jpg,JPEG,123,150,0.82000000,14077,cded01ba6622177f5c82930533d59717d4081916ab52bf93321ccf0da9810415,readable,,not_available
203,opera-17-203-s.jpg,爬虫脸谱图集/opera-17-203-s.jpg,JPEG,123,150,0.82000000,14967,2073ea2435b63e541d522a1397177600f9c0389fa28e4a6c622ae7fa47f5f39b,readable,,not_available
204,opera-17-204-s.jpg,爬虫脸谱图集/opera-17-204-s.jpg,JPEG,123,150,0.82000000,13197,7b971310725e114a145a97dc500d996c31c35142d4fd36dc2c0b6f8b4141a690,readable,,not_available
205,opera-18-205-s.jpg,爬虫脸谱图集/opera-18-205-s.jpg,JPEG,123,150,0.82000000,14142,51bb112144f5172441cbe8fba6a1f749fc0f063f3f9efae58648583c82f4e25b,readable,data/raw/脸谱新一步/网络图片汇总/205.jpg,yes
206,opera-18-206-s.jpg,爬虫脸谱图集/opera-18-206-s.jpg,JPEG,123,150,0.82000000,12591,4f07c36aa1e548776524f2b7f7a1ff538ef7cbb695a743c7d7892bbccc7ffe2f,readable,data/raw/脸谱新一步/网络图片汇总/206.jpg,yes
207,opera-18-207-s.jpg,爬虫脸谱图集/opera-18-207-s.jpg,JPEG,123,150,0.82000000,12768,abbbea66356bf542aede539326257a74c247cf6e3d6594a5c1c361876c1e50df,readable,data/raw/脸谱新一步/网络图片汇总/207.jpg,yes
208,opera-18-208-s.jpg,爬虫脸谱图集/opera-18-208-s.jpg,JPEG,123,150,0.82000000,14205,a520836a2dc817932f6054d0ff044d4504f5f90db390bdea0f3e0702e89a848c,readable,data/raw/脸谱新一步/网络图片汇总/208.jpg,yes
209,opera-18-209-s.jpg,爬虫脸谱图集/opera-18-209-s.jpg,JPEG,123,150,0.82000000,13039,23b18a9485b29f4cd5b4082a4a1eaec89a19e952412900e7927b0426a87fb9c4,readable,data/raw/脸谱新一步/网络图片汇总/209.jpg,yes
210,opera-18-210-s.jpg,爬虫脸谱图集/opera-18-210-s.jpg,JPEG,123,150,0.82000000,14642,3f9452e3807d58143749b808d449f538503a62b7a1b14a439dd32d2ff1f95b36,readable,data/raw/脸谱新一步/网络图片汇总/210.jpg,yes
211,opera-18-211-s.jpg,爬虫脸谱图集/opera-18-211-s.jpg,JPEG,123,150,0.82000000,14583,3f3528716ce6cdada0d909c1e068693994a1192258540280d862dee138bc09ba,readable,data/raw/脸谱新一步/网络图片汇总/211.jpg,yes
212,opera-18-212-s.jpg,爬虫脸谱图集/opera-18-212-s.jpg,JPEG,123,150,0.82000000,13862,3952e48e27b816550c1d208904709cbd53db8698b83ddadac82170fb7f10214c,readable,data/raw/脸谱新一步/网络图片汇总/212.jpg,yes
213,opera-18-213-s.jpg,爬虫脸谱图集/opera-18-213-s.jpg,JPEG,123,150,0.82000000,14283,287043e5e6765f36657213e1a94cd06b7891a504c3f427893e2812471f45cc15,readable,data/raw/脸谱新一步/网络图片汇总/213.jpg,yes
214,opera-18-214-s.jpg,爬虫脸谱图集/opera-18-214-s.jpg,JPEG,123,150,0.82000000,13263,ff673d3c0a4c846720a754a6c2adf79d913f5f3b251e0d7f2f04d52d40dca2ee,readable,data/raw/脸谱新一步/网络图片汇总/214.jpg,yes
215,opera-18-215-s.jpg,爬虫脸谱图集/opera-18-215-s.jpg,JPEG,123,150,0.82000000,14207,11bbe0a6d5755c3b8303287983e4bab41b0d748a132fec3c50b64a2114990171,readable,data/raw/脸谱新一步/网络图片汇总/215.jpg,yes
216,opera-18-216-s.jpg,爬虫脸谱图集/opera-18-216-s.jpg,JPEG,123,150,0.82000000,13769,2627e1a5d1f00480ee851a8314c048a272372fe5fa4b8e748259a7ddcf998da3,readable,data/raw/脸谱新一步/网络图片汇总/216.jpg,yes
217,opera-19-217-s.jpg,爬虫脸谱图集/opera-19-217-s.jpg,JPEG,123,150,0.82000000,13099,537dd49516b04c20c3ee7dc59b07e2a3a6dfd71855a516bda1a914e31df5b5db,readable,data/raw/脸谱新一步/网络图片汇总/217.jpg,yes
218,opera-19-218-s.jpg,爬虫脸谱图集/opera-19-218-s.jpg,JPEG,123,150,0.82000000,12604,7f4d55eb618ee0f2f65ac661f3953cecc4a1f7c71fb9eda3e579c37fd45bb333,readable,data/raw/脸谱新一步/网络图片汇总/218.jpg,yes
219,opera-19-219-s.jpg,爬虫脸谱图集/opera-19-219-s.jpg,JPEG,123,150,0.82000000,13679,9df8e9299e6eebbe765e1c1e03c4a63fa92e3a8c1a468dec3595132c17e244bb,readable,data/raw/脸谱新一步/网络图片汇总/219.jpg,yes
220,opera-19-220-s.jpg,爬虫脸谱图集/opera-19-220-s.jpg,JPEG,123,150,0.82000000,14894,18b90772b956a951dab0133db3e6e5dd7c67973a7cacc1c19daeabf88cedc9ac,readable,data/raw/脸谱新一步/网络图片汇总/220.jpg,yes
221,opera-19-221-s.jpg,爬虫脸谱图集/opera-19-221-s.jpg,JPEG,123,150,0.82000000,13581,9152de7bd8266722682ede6d238e4a754b33703b1e24f62043c4b4a62118737e,readable,data/raw/脸谱新一步/网络图片汇总/221.jpg,yes
222,opera-19-222-s.jpg,爬虫脸谱图集/opera-19-222-s.jpg,JPEG,123,150,0.82000000,13770,0747d8074043a7cb0726773d57100edc19dd8e5ca07a9a1cce1ecb97649de51a,readable,data/raw/脸谱新一步/网络图片汇总/222.jpg,yes
223,opera-19-223-s.jpg,爬虫脸谱图集/opera-19-223-s.jpg,JPEG,123,150,0.82000000,13421,4192e1a8a9bde762e3784ed7c17c47b4809936aed75fa30175a7c13684d404ba,readable,data/raw/脸谱新一步/网络图片汇总/223.jpg,yes
224,opera-19-224-s.jpg,爬虫脸谱图集/opera-19-224-s.jpg,JPEG,123,150,0.82000000,15472,c0a77dc636b2cd0e34694b47894a5e43d38bb15017bd3503bd3566d25a609068,readable,data/raw/脸谱新一步/网络图片汇总/224.jpg,yes
225,opera-19-225-s.jpg,爬虫脸谱图集/opera-19-225-s.jpg,JPEG,123,150,0.82000000,13966,d42b10cebf446de753e00bc52bb5fce28f6c5c0595d07c63021480c8e2e1a858,readable,data/raw/脸谱新一步/网络图片汇总/225.jpg,yes
226,opera-19-226-s.jpg,爬虫脸谱图集/opera-19-226-s.jpg,JPEG,123,150,0.82000000,14063,554d806c2fc8f254eb405390a90a4bcea223fa419e430635440d971d9e7e6d0c,readable,data/raw/脸谱新一步/网络图片汇总/226.jpg,yes
227,opera-19-227-s.jpg,爬虫脸谱图集/opera-19-227-s.jpg,JPEG,123,150,0.82000000,14019,952d1ca075771481bd4987309b6efe782977f1d6326837ccee7217b95f7e7600,readable,data/raw/脸谱新一步/网络图片汇总/227.jpg,yes
228,opera-19-228-s.jpg,爬虫脸谱图集/opera-19-228-s.jpg,JPEG,123,150,0.82000000,14481,f04fdaa0b1b15755323906ee693b792456756ee39d4cd651ed238d309bc967af,readable,data/raw/脸谱新一步/网络图片汇总/228.jpg,yes
229,opera-20-229-s.jpg,爬虫脸谱图集/opera-20-229-s.jpg,JPEG,123,150,0.82000000,13926,e06dd7179284e26b0f45aa80f331eaa4e1c59fff831a0a6f589c1f96952b80ab,readable,data/raw/脸谱新一步/网络图片汇总/229.jpg,yes
230,opera-20-230-s.jpg,爬虫脸谱图集/opera-20-230-s.jpg,JPEG,123,150,0.82000000,14555,50303cf80a38e148623e86e8d87929bf1e86aac3b86f316f8f4e485f5e63a54e,readable,data/raw/脸谱新一步/网络图片汇总/230.jpg,yes
231,opera-20-231-s.jpg,爬虫脸谱图集/opera-20-231-s.jpg,JPEG,123,150,0.82000000,13306,f30f9629ae2047e6a2aeeb4abd469adae86fb7afa8d6bd576ea09c85b9c86019,readable,data/raw/脸谱新一步/网络图片汇总/231.jpg,yes
232,opera-20-232-s.jpg,爬虫脸谱图集/opera-20-232-s.jpg,JPEG,123,150,0.82000000,14215,eeabed3b3e10330b23e02b97c6b27ed1baab2c04b29537d13fb001824ce684db,readable,data/raw/脸谱新一步/网络图片汇总/232.jpg,yes
233,opera-20-233-s.jpg,爬虫脸谱图集/opera-20-233-s.jpg,JPEG,123,150,0.82000000,13945,454a8804bf5e68c7d1bc2fb3d019fb91a1f79207cf7d5d538e86e713a0319f8e,readable,data/raw/脸谱新一步/网络图片汇总/233.jpg,yes
234,opera-20-234-s.jpg,爬虫脸谱图集/opera-20-234-s.jpg,JPEG,123,150,0.82000000,15935,9d33a11ddf8100bc2c5e9aeb5fd44cb577e585fd7de3789cc272bc876f71b115,readable,data/raw/脸谱新一步/网络图片汇总/234.jpg,yes
235,opera-20-235-s.jpg,爬虫脸谱图集/opera-20-235-s.jpg,JPEG,123,150,0.82000000,14568,c7f40627e6c243ecefbd29224f0ac4376c84976b108e2c8320d550410fd557d2,readable,data/raw/脸谱新一步/网络图片汇总/235.jpg,yes
236,opera-20-236-s.jpg,爬虫脸谱图集/opera-20-236-s.jpg,JPEG,123,150,0.82000000,14475,e6501d260575615a90f87fd84cfe182a8f46bf5a751abd6df8cf4abc38119282,readable,data/raw/脸谱新一步/网络图片汇总/236.jpg,yes
237,opera-20-237-s.jpg,爬虫脸谱图集/opera-20-237-s.jpg,JPEG,123,150,0.82000000,14631,f2d1767caed774819cf3d04bd0fbdd2487df213ef3ed73c384092ac33371f863,readable,data/raw/脸谱新一步/网络图片汇总/237.jpg,yes
238,opera-20-238-s.jpg,爬虫脸谱图集/opera-20-238-s.jpg,JPEG,123,150,0.82000000,14048,3446661f343c8afa4d841554b63cf57fc4f55c652394bd6b144cc334e161cd31,readable,data/raw/脸谱新一步/网络图片汇总/238.jpg,yes
239,opera-20-239-s.jpg,爬虫脸谱图集/opera-20-239-s.jpg,JPEG,123,150,0.82000000,14459,8821858b111e25848723e483614a449be5b8c3ba24625e5ea1249dc268b795ec,readable,data/raw/脸谱新一步/网络图片汇总/239.jpg,yes
240,opera-20-240-s.jpg,爬虫脸谱图集/opera-20-240-s.jpg,JPEG,123,150,0.82000000,14200,0a64f5ecbae56d9c5cd7e6902e603a17dcdaad013eccde59752d6247535155f5,readable,data/raw/脸谱新一步/网络图片汇总/240.jpg,yes
241,opera-21-241-s.jpg,爬虫脸谱图集/opera-21-241-s.jpg,JPEG,123,150,0.82000000,14538,c2453ba3b7ddce318e9481018a02598de34aa65881e13658f105bc70aeeba454,readable,data/raw/脸谱新一步/网络图片汇总/241.jpg,yes
242,opera-21-242-s.jpg,爬虫脸谱图集/opera-21-242-s.jpg,JPEG,123,150,0.82000000,15410,6535896720529dabf0d0353cd3d636c4a29a6723cb4c1b14e2c92afb7d1bc706,readable,data/raw/脸谱新一步/网络图片汇总/242.jpg,yes
243,opera-21-243-s.jpg,爬虫脸谱图集/opera-21-243-s.jpg,JPEG,123,150,0.82000000,14932,61002492175df0d544ab587918b5be4be4c2d05660989d49854247cc8c5bb54b,readable,data/raw/脸谱新一步/网络图片汇总/243.jpg,yes
244,opera-21-244-s.jpg,爬虫脸谱图集/opera-21-244-s.jpg,JPEG,123,150,0.82000000,15945,ac135207da66bf5b5a697a4d4dbb4046de398990d6b0f44a42272f353e5b6889,readable,data/raw/脸谱新一步/网络图片汇总/244.jpg,yes
245,opera-21-245-s.jpg,爬虫脸谱图集/opera-21-245-s.jpg,JPEG,123,150,0.82000000,14622,7160cb0133da128fd5ecc76c33de67fd5cad978f7f43d620aff375fe42eac43e,readable,data/raw/脸谱新一步/网络图片汇总/245.jpg,yes
246,opera-21-246-s.jpg,爬虫脸谱图集/opera-21-246-s.jpg,JPEG,123,150,0.82000000,14661,d35830897952114a65952ce786e9c4e8fcd4098293c08cb23da12ea6dd88b751,readable,data/raw/脸谱新一步/网络图片汇总/246.jpg,yes
247,opera-21-247-s.jpg,爬虫脸谱图集/opera-21-247-s.jpg,JPEG,123,150,0.82000000,14908,7ee8a8b69040eeaf63b3e4a788a57a9446c8a5fed47e625b1dbcd902970ce3c8,readable,data/raw/脸谱新一步/网络图片汇总/247.jpg,yes
248,opera-21-248-s.jpg,爬虫脸谱图集/opera-21-248-s.jpg,JPEG,123,150,0.82000000,14720,fe6ff4bf81e7dd379c751b65ad6acd22923ddf1bdf56b5900ee794692cb3ac83,readable,data/raw/脸谱新一步/网络图片汇总/248.jpg,yes
249,opera-21-249-s.jpg,爬虫脸谱图集/opera-21-249-s.jpg,JPEG,123,150,0.82000000,14237,0e26aa150a1b7b7e341bd7d82de26920df7db2b82ccd5a16673c8f3907e5b16d,readable,data/raw/脸谱新一步/网络图片汇总/249.jpg,yes
250,opera-21-250-s.jpg,爬虫脸谱图集/opera-21-250-s.jpg,JPEG,123,150,0.82000000,13110,62187af2087d8a3cd22bb8e4995774f46f45f03fba879d6009eec7af2cd93be0,readable,data/raw/脸谱新一步/网络图片汇总/250.jpg,yes
251,opera-21-251-s.jpg,爬虫脸谱图集/opera-21-251-s.jpg,JPEG,123,150,0.82000000,13283,8abc7b05a80a8ab0757523a1d442af7ca2ff7cae5895f565720d766fb751bb24,readable,data/raw/脸谱新一步/网络图片汇总/251.jpg,yes
252,opera-21-252-s.jpg,爬虫脸谱图集/opera-21-252-s.jpg,JPEG,123,150,0.82000000,14822,f0148661302a49f507260a31dcef3856febd857d0da267a0c2f322566ad56922,readable,data/raw/脸谱新一步/网络图片汇总/252.jpg,yes
253,opera-22-253-s.jpg,爬虫脸谱图集/opera-22-253-s.jpg,JPEG,123,150,0.82000000,15460,20c4b5ade42341434d10572b95b3f60630bcc5bcb70f99f4cdec87f212792a21,readable,data/raw/脸谱新一步/网络图片汇总/253.jpg,yes
254,opera-22-254-s.jpg,爬虫脸谱图集/opera-22-254-s.jpg,JPEG,123,150,0.82000000,14010,73c5fa48560d4d36557f9ea239cebd1764f9ef3a10ca343912fcd67d16a96f28,readable,data/raw/脸谱新一步/网络图片汇总/254.jpg,yes
255,opera-22-255-s.jpg,爬虫脸谱图集/opera-22-255-s.jpg,JPEG,123,150,0.82000000,14813,b03c14164032c88c0cf8dc97cbaac3c8885189c4f894c82073a9950f0acf7189,readable,data/raw/脸谱新一步/网络图片汇总/255.jpg,yes
256,opera-22-256-s.jpg,爬虫脸谱图集/opera-22-256-s.jpg,JPEG,123,150,0.82000000,14660,370d7b27f1545a43665667ebbd0bdff10a87717b73c2d8a62f1f53261dec386f,readable,data/raw/脸谱新一步/网络图片汇总/256.jpg,yes
257,opera-22-257-s.jpg,爬虫脸谱图集/opera-22-257-s.jpg,JPEG,123,150,0.82000000,13259,8e3e338223488a7ef41529752cb6da63a3dbce70b25fc49ccd114ebd1bf9af02,readable,data/raw/脸谱新一步/网络图片汇总/257.jpg,yes
258,opera-22-258-s.jpg,爬虫脸谱图集/opera-22-258-s.jpg,JPEG,123,150,0.82000000,15689,f408f06ed642f324061e997061b0a19b62829fdae37e7ea50e30b673363cdef6,readable,data/raw/脸谱新一步/网络图片汇总/258.jpg,yes
259,opera-22-259-s.jpg,爬虫脸谱图集/opera-22-259-s.jpg,JPEG,123,150,0.82000000,13855,5abd2021765481772a444a5b2ca888a3b525f4f54f769118c939ee90897cfd63,readable,data/raw/脸谱新一步/网络图片汇总/259.jpg,yes
260,opera-22-260-s.jpg,爬虫脸谱图集/opera-22-260-s.jpg,JPEG,123,150,0.82000000,12871,fafe109c45045a4589686a98260bc3b77a76d3454b3e4deb52343152eee4b6cc,readable,data/raw/脸谱新一步/网络图片汇总/260.jpg,yes
261,opera-22-261-s.jpg,爬虫脸谱图集/opera-22-261-s.jpg,JPEG,123,150,0.82000000,14154,da435555ed7dff68f1d57f6c0152c83fe30fe558407ecdb3dab26d55dd8ed9c6,readable,data/raw/脸谱新一步/网络图片汇总/261.jpg,yes
262,opera-22-262-s.jpg,爬虫脸谱图集/opera-22-262-s.jpg,JPEG,123,150,0.82000000,14378,10fef65e1ba48927004f7f089b366b54898ccd334e3f689ee1c0633e07f4483f,readable,data/raw/脸谱新一步/网络图片汇总/262.jpg,yes
263,opera-22-263-s.jpg,爬虫脸谱图集/opera-22-263-s.jpg,JPEG,123,150,0.82000000,14437,0727f56bbbf5f9e837e17fe62d9aea8e9fe0d4798da4562e7dd91730f867c025,readable,data/raw/脸谱新一步/网络图片汇总/263.jpg,yes
264,opera-22-264-s.jpg,爬虫脸谱图集/opera-22-264-s.jpg,JPEG,123,150,0.82000000,12266,f6b0f9ab6f69a3afe63314417f600b852b63805892e4f7cd4aa5cfe15b405443,readable,data/raw/脸谱新一步/网络图片汇总/264.jpg,yes
265,opera-23-265-s.jpg,爬虫脸谱图集/opera-23-265-s.jpg,JPEG,123,150,0.82000000,14363,57c468a8467661a8070ebb83ee0b1a0d754ad6f366df15e99bb594fbcc031b85,readable,data/raw/脸谱新一步/网络图片汇总/265.jpg,yes
266,opera-23-266-s.jpg,爬虫脸谱图集/opera-23-266-s.jpg,JPEG,123,150,0.82000000,14881,ccbea63d870c08a073750fadc1e55b638ca1b0753f630696e53ee4dc77b894bf,readable,data/raw/脸谱新一步/网络图片汇总/266.jpg,yes
267,opera-23-267-s.jpg,爬虫脸谱图集/opera-23-267-s.jpg,JPEG,123,150,0.82000000,13306,c9a39759cceb26a97f6f19a3fcb05c872308dee11444c2eb2871fb553dffcce9,readable,data/raw/脸谱新一步/网络图片汇总/267.jpg,yes
268,opera-23-268-s.jpg,爬虫脸谱图集/opera-23-268-s.jpg,JPEG,123,150,0.82000000,14418,4049ef919bfb8491cf5bbf02db3ea3b70fe09455b4ba47fca047cab9f1b0655f,readable,data/raw/脸谱新一步/网络图片汇总/268.jpg,yes
269,opera-23-269-s.jpg,爬虫脸谱图集/opera-23-269-s.jpg,JPEG,123,150,0.82000000,14707,3ad9fe891662899507059ff567e9956ee2525df01a123c46b7acdbb0086f6ac7,readable,data/raw/脸谱新一步/网络图片汇总/269.jpg,yes
270,opera-23-270-s.jpg,爬虫脸谱图集/opera-23-270-s.jpg,JPEG,123,150,0.82000000,14416,a604bb916481771b353ddf31ab2fc09df179300a37c5f242d093a279db009626,readable,data/raw/脸谱新一步/网络图片汇总/270.jpg,yes
271,opera-23-271-s.jpg,爬虫脸谱图集/opera-23-271-s.jpg,JPEG,123,150,0.82000000,14135,d94e587aa098889dca1a4ef0c5a7925d09b7a65614a1a0b260165d9b39f662dc,readable,data/raw/脸谱新一步/网络图片汇总/271.jpg,yes
272,opera-23-272-s.jpg,爬虫脸谱图集/opera-23-272-s.jpg,JPEG,123,150,0.82000000,13371,16874c0a8f464ad630ba3e1202b2a661a49d24d106d43bf2d14411d2ea6caf8c,readable,data/raw/脸谱新一步/网络图片汇总/272.jpg,yes
