metadata_id,source_row_number,序号,标识号,角色,角色别名,角色类型,一级行当,二级行当,来源剧目,来源剧目别名,来源剧目出处,表演者,语种,关联角色,谱式,绘法,图案,主色,主色寓意,眉形,眼型,额头型,鼻型,嘴型,绘法说明,性格特征,历史演变,图像格式,图像宽度,图像高度,图像大小,图像水平分辨率,图像垂直分辨率,图像位深度,图像创建日期,角色简介,来源剧目简介,表演者简介,流派,参考资料
001,2,1,,郑伦,,神怪类,净,武净,青龙关,,封神演义,通用,中文,陈奇,三块瓦脸,勾脸,,绿色,,,,蝙蝠形,哭鼻窝,虎嘴,,,,jpg,287,350,34,96,96,24,2020.1.5,,,,,
002,3,2,,后羿,,神怪类,净,武净,嫦娥奔月,,淮南子,李寿山,中文,玉兔,三块瓦脸,勾脸,,红色,,刀眉,直眼窝,点形,卷鼻窝,,,,,jpg,328,400,39,96,96,24,2020.1.5,,,李寿山（1866年04月21日-1932年10月07日），京剧净角。名镜林，字仲华，小名七儿。因其身材高大，人称大李七。出身于三庆班，与武净钱金福为师兄弟。初工花旦、昆旦，又改老生，后归武净兼架子花，文武皆能昆乱不挡。1900年，与朱文英同被选入升平署，进宫承差艺名李七儿。1906年应富连成之聘，入社执教。早年曾搭长春班，晚年在梅兰芳京剧团。,,
003,4,3,,陈奇,,神怪类,净,副净,青龙关,,封神演义,通用,中文,郑伦,碎脸,勾脸,,红色,,,,如意钩形,碎鼻窝,火盆嘴,,,,jpg,328,400,40.6,96,96,24,2020.1.5,,,,,
004,5,4,,土行孙,,神怪类,净,武净,攻潼关,氤氲阵,封神演义,通用,中文,姜尚,象形脸,勾脸,,黄色,,,,,碎鼻窝,虎嘴,,,,jpg,409,499,46,96,96,24,2020.1.5,,,,,
005,6,5,,闻仲,闻太师,将官类,净,正净,大回朝,太师回朝,封神演义,裘桂仙,中文,纣王,六分脸,勾脸,,红色,,点眉,,眼形,白鼻窝,,,,,jpg,412,502,28.1,96,96,24,2020.1.5,,,,,
006,7,6,,姜尚,姜子牙、姜太公,将官类,净,副净,渭水河,文王访贤、八百八年,史记·齐太公世家,郝寿臣,中文,姬昌,整脸,揉脸,,红色,,老眉,,点形,灰鼻窝,,,,,jpg,412,502,38.4,96,96,24,2020.1.5,,,郝寿臣（1886年-1961年），著名京剧表演艺术家、教育家，工架子花脸。原籍河北香河，幼年随父迁京，从师吕福善、唐永常、朱子久、阎宝恒等学艺。郝寿臣融金秀山铜锤与黄润甫架子两家艺术于一炉，唱念上自成一格，创成被誉为“架子花脸铜锤唱”的郝派艺术。他以气魄取胜，唱念韵味浑厚，工架凝练，表演浑然一体。他艺术态度严谨，善于刻画人物，数十年艺术生涯中，在220余个剧目中扮演过160多个主要和次要角色。与侯喜瑞、金少山并称“净行三杰”。,,
007,8,7,,崇侯虎,,将官类,净,武净,进妲己,反冀州、献妲己,封神演义,通用,中文,崇黑虎,花三块瓦脸,勾脸,,白色,,,大奸眼窝,随意形,尖鼻窝,,,,,jpg,412,502,37.2,96,96,24,2020.1.5,,,,,
008,9,8,,崇黑虎,,将官类,净,武净,进妲己,反冀州、献妲己,封神演义,通用,中文,崇侯虎,三块瓦脸,勾脸,,粉红色,,,老眼窝,随意形,卷鼻窝,,,,,jpg,412,502,31.3,96,96,24,2020.1.5,,,,,
009,10,9,,姬僚,,将官类,净,正净,鱼肠剑,鱼藏剑,东周列国志,金少山,中文,专诸,三块瓦脸,勾脸,,黄色,,奸眉,老眼窝,随意形,圆鼻窝,,,,,jpg,412,502,29.5,96,96,24,2020.1.5,,,金少山（1890年-1948年8月13日），一说作仲义，又名少山。满族，北京人，京剧净行演员，京剧名净金秀山三子。幼年从父学艺，工铜锤花脸，兼宗何桂山。同时，他从韩乐卿习练武功把子，后拜德珺如为师学架子花脸戏。由于金少山学艺众多，天赋优厚，声音洪亮，在方方面面皆都具备，其艺术风格已经不仅限于父亲金秀山的“金派”范围。他通过发挥自身条件，将净角艺术提高到一个新的高度，形成了自己的流派“新金派”。,,
010,11,10,,米南凹,米南适,将官类,净,武净,文昭关,一夜白须,东周列国志,通用,中文,伍子胥,三块瓦脸,勾脸,,黑色、白色,,随意眉,奸眼窝,,尖鼻窝,,,,,jpg,412,502,34.8,96,96,24,2020.1.5,,,,,
011,12,11,,李刚,,将官类,净,武净,庆阳图,李刚反朝、黑逼宫、斩李广,东周列国志,钱金福,中文,李虎,十字门脸,勾脸,,黑色,,钩眉,环眼窝,立柱纹,卷鼻窝,,,,,jpg,412,502,30.5,96,96,24,2020.1.5,,,,,
012,13,12,,廉颇,信平君,将官类,净,正净,将相和,廉颇负荆、争功请罪,东周列国志,袁世海,中文,胡伤,三块瓦脸,勾脸,,粉色,,柳叶眉,老眼窝,锥形,满鼻窝,,,,,jpg,412,502,29.3,96,96,24,2020.1.5,,,,,
013,14,13,,伊立,,将官类,净,副净,黄金台,田单救主、搜府盘关、乐毅伐齐,新灌园,郝寿臣,中文,田单,太监脸,勾脸,,油白色,,柳叶眉,尖眼窝,点形,,撇嘴,,飞扬跋扈,,jpg,412,502,30.6,96,96,24,2020.1.5,,,郝寿臣（1886年-1961年），著名京剧表演艺术家、教育家，工架子花脸。原籍河北香河，幼年随父迁京，从师吕福善、唐永常、朱子久、阎宝恒等学艺。郝寿臣融金秀山铜锤与黄润甫架子两家艺术于一炉，唱念上自成一格，创成被誉为“架子花脸铜锤唱”的郝派艺术。他以气魄取胜，唱念韵味浑厚，工架凝练，表演浑然一体。他艺术态度严谨，善于刻画人物，数十年艺术生涯中，在220余个剧目中扮演过160多个主要和次要角色。与侯喜瑞、金少山并称“净行三杰”。,,
014,15,14,,胡伤,胡阳,将官类,净,副净,将相和,廉颇负荆、争功请罪,东周列国志,郭元汾,中文,廉颇,花三块瓦脸,勾脸,,白色,,,直眼窝,线形,卷鼻窝,,,,,jpg,412,502,32.4,96,96,24,2020.1.5,,,郭元汾（？-1962年），京剧净角，京剧演员郭春山先生的长子。在入富连成科班后主攻铜锤花脸。郭元汾在唱法上不尚雕饰，吐字行腔遵循传统，追求严谨朴拙的风格，极少个人的发挥创造。他的唱功可称是黄钟大吕，声震屋瓦，他的做功边式好看，细腻传神，是位不可多得的全才净角。解放后调入北京，编入解放军总政治部文工团京剧团，后并入中国京剧院，列为四团。1958年郭元汾随四团支援宁夏，成立宁夏回族自治区京剧团。,,
015,16,15,,荆轲,,将官类,净,副净,荆轲传,荆轲刺秦,史记·刺客列传,郝寿臣,中文,嬴政,三块瓦脸,勾脸,,白色,,柳叶眉,直眼窝,匕首形,满鼻窝,,,,,jpg,412,502,29.6,96,96,24,2020.1.5,,,郝寿臣（1886年-1961年），著名京剧表演艺术家、教育家，工架子花脸。原籍河北香河，幼年随父迁京，从师吕福善、唐永常、朱子久、阎宝恒等学艺。郝寿臣融金秀山铜锤与黄润甫架子两家艺术于一炉，唱念上自成一格，创成被誉为“架子花脸铜锤唱”的郝派艺术。他以气魄取胜，唱念韵味浑厚，工架凝练，表演浑然一体。他艺术态度严谨，善于刻画人物，数十年艺术生涯中，在220余个剧目中扮演过160多个主要和次要角色。与侯喜瑞、金少山并称“净行三杰”。,,
016,17,16,,赵高,,将官类,净,副净,宇宙锋,金殿装疯、一口剑、六义图,史记·秦始皇本记,袁世海,中文,周缺,整脸,抹脸,,白色,,本眉,奸眼窝,,灰鼻窝,,,,,jpg,412,502,28.4,96,96,24,2020.1.5,,,,,
017,18,17,,牛邈,,将官类,净,武净,闹昆阳,飞叉阵、马援归汉,聚兽牌传奇,杨小楼,中文,马援,花三块瓦脸,勾脸,,绿色,,,花眼窝,胆形,碎鼻窝,,,,,jpg,367,450,31.3,96,96,24,2020.1.5,,,杨小楼（1878年-1938年），名三元，安徽怀宁人，京剧武生演员，有“武生宗师”的盛誉。自幼入小荣椿社学艺，工武生。十七岁出科后，拜俞菊笙为师，又得谭鑫培等名家指点。杨小楼嗓音清脆洪亮，唱念均遵“奎派”风范，咬字清楚真切，间有京音，行腔朴直无华。在艺术上继承家学，同时博采众长，逐渐形成独树一帜的“杨派”。武打步法准确灵敏，无空招废式，贴切地表现人物的性格，着力体现意境，追求神似，也即“武戏文唱”的杨派特点。,,
018,19,18,,姚刚,,将官类,净,正净,黄一刀,恶虎庄、姚刚发配,东汉演义,郝寿臣,中文,黄飞刚,十字门脸,勾脸,,黑色,,锯齿眉,环眼窝,立柱纹,卷鼻窝,虎嘴,,,,jpg,365,450,24.1,96,96,24,2020.1.5,,,郝寿臣（1886年-1961年），著名京剧表演艺术家、教育家，工架子花脸。原籍河北香河，幼年随父迁京，从师吕福善、唐永常、朱子久、阎宝恒等学艺。郝寿臣融金秀山铜锤与黄润甫架子两家艺术于一炉，唱念上自成一格，创成被誉为“架子花脸铜锤唱”的郝派艺术。他以气魄取胜，唱念韵味浑厚，工架凝练，表演浑然一体。他艺术态度严谨，善于刻画人物，数十年艺术生涯中，在220余个剧目中扮演过160多个主要和次要角色。与侯喜瑞、金少山并称“净行三杰”。,,
019,20,19,,苏献,,将官类,净,武净,取洛阳,光武兴、岑马争功,东汉演义,郭元汾,中文,马武,六分脸,勾脸,,粉色,,钩眉,老眼窝,,卷鼻窝,,,,,jpg,368,450,22.9,96,96,24,2020.1.5,,,郭元汾（？-1962年），京剧净角，京剧演员郭春山先生的长子。在入富连成科班后主攻铜锤花脸。郭元汾在唱法上不尚雕饰，吐字行腔遵循传统，追求严谨朴拙的风格，极少个人的发挥创造。他的唱功可称是黄钟大吕，声震屋瓦，他的做功边式好看，细腻传神，是位不可多得的全才净角。解放后调入北京，编入解放军总政治部文工团京剧团，后并入中国京剧院，列为四团。1958年郭元汾随四团支援宁夏，成立宁夏回族自治区京剧团。,,
020,21,20,,马武,,将官类,净,副净,取洛阳,光武兴、岑马争功,东汉演义,侯喜瑞,中文,苏献,碎脸,勾脸,,蓝色,,狼牙眉,花眼窝,胆形,碎鼻窝,,,,,jpg,363,450,25.3,96,96,24,2020.1.5,,,侯喜瑞（1892年2月23日-1983年2月22日），京剧净角。幼入富连成科班，先学梆子老生，后师从韩乐卿学架子花脸和武花脸戏。出科后拜黄润甫为师，颇得真传，并在严承师教基础上，根据自身条件扬长避短，形成新的艺术风格“侯派”，与金少山、郝寿臣三足鼎立。侯喜瑞虽然嗓音较哑，但字准音足，听起来简练隽永，字字入耳。早年在富连成社担任武生净行教师，晚年在中国戏曲学院、北京市戏曲学校任教。,,
021,22,21,,张飞,张翼德,将官类,净,副净,长坂坡,单骑救主、子龙救主、当阳桥,三国演义,郝寿臣,中文,赵云,十字门脸,勾脸,,黑色,,环眉,环眼窝,立柱纹,笑鼻窝,,,,,jpg,369,450,22.5,96,96,24,2020.1.5,,,郝寿臣（1886年-1961年），著名京剧表演艺术家、教育家，工架子花脸。原籍河北香河，幼年随父迁京，从师吕福善、唐永常、朱子久、阎宝恒等学艺。郝寿臣融金秀山铜锤与黄润甫架子两家艺术于一炉，唱念上自成一格，创成被誉为“架子花脸铜锤唱”的郝派艺术。他以气魄取胜，唱念韵味浑厚，工架凝练，表演浑然一体。他艺术态度严谨，善于刻画人物，数十年艺术生涯中，在220余个剧目中扮演过160多个主要和次要角色。与侯喜瑞、金少山并称“净行三杰”。,,
022,23,22,,关羽,关云长、美髯公、关公,将官类,生,红生,战长沙,,三国演义,李万春,中文,魏延,整脸,揉脸,,红色,,卧蚕眉,丹凤眼窝,如意钩形,满鼻窝,,,,,jpg,361,450,21.5,96,96,24,2020.1.5,,,李万春（1911-1985），满洲正黄旗人，工老生、武生，著名京剧表演艺术家、戏曲艺术教育家。父亲李永利是著名武花脸演员，母亲李砚秀是京剧旦角演员。李万春自幼随父练功学戏。他除了接受家传外，其父广请名师授艺，先后受教于徐德增、于德智、崔凤鸣、项鼎新等老师，为他唱念功夫的发展起到了颇重要的奠基作用。李氏一家来到北京之后，余叔岩收李万春为义子，他边演出边广收博取，受到马连良、尚小云等名家的指导，文戏投师余叔岩，武戏投师杨小楼，两位大师认真传艺，宠爱极致，均收认他为螟蛉义子。,,
023,24,23,,庞统,庞士元、凤雏,将官类,净,副净,柴桑口,孔明吊孝、卧龙吊孝,三国演义,侯喜瑞,中文,诸葛亮,三块瓦脸,勾脸,,红色,,直眉,直眼窝,太极形,满鼻窝,,,,,jpg,368,450,21.6,96,96,24,2020.1.5,,,侯喜瑞（1892年2月23日-1983年2月22日），京剧净角。幼入富连成科班，先学梆子老生，后师从韩乐卿学架子花脸和武花脸戏。出科后拜黄润甫为师，颇得真传，并在严承师教基础上，根据自身条件扬长避短，形成新的艺术风格“侯派”，与金少山、郝寿臣三足鼎立。侯喜瑞虽然嗓音较哑，但字准音足，听起来简练隽永，字字入耳。早年在富连成社担任武生净行教师，晚年在中国戏曲学院、北京市戏曲学校任教。,,
024,25,24,,周仓,,将官类,净,武净,单刀会,临江亭,三国演义,钱金福,中文,关羽,元宝脸,勾脸,,灰色,,柳叶眉,环眼窝,淡青色脑门,碎鼻窝,,,,,jpg,364,450,25.5,96,96,24,2020.1.5,,,,,
025,26,25,,夏侯惇,夏侯元让,将官类,净,武净,战宛城,盗双戟、割发代首、张绣刺婶,三国演义,范宝亭,中文,赵云,三块瓦脸,勾脸,,蓝色,,刀眉,直眼窝,锥形,笑鼻窝,,,,,jpg,369,450,22.9,96,96,24,2020.1.5,,,范宝亭（1887年-1944年2月7日），北京人，著名京剧武净。科班出身，自幼坐科福寿班，和许德义同门。任荣春社教师、中华戏曲专科学校净行教师。范宝亭戏路极广，能演长靠戏、短打戏，经常参加名演员创演的新戏。范宝亭的跌打翻扑的特技功夫是无人与之匹敌的。他演戏不但应付自如，还发扬了他的革新精神。范宝亭有很多弟子，最知名的是刘奎官，厉慧良、景荣庆等也曾受教于他。,,
026,27,26,,夏侯渊,夏侯妙才,将官类,净,武净,定军山,一战成功、老将得胜、取东川,三国演义,钱金福,中文,夏侯德,十字门脸,勾脸,,,,螳螂眉,垂眼窝,立柱纹,卷鼻窝,,,,,jpg,375,450,23,96,96,24,2020.1.5,,,,,
027,28,27,,许褚,虎候、许仲康,将官类,净,武净,战宛城,盗双戟、割发代首、张绣刺婶,三国演义,钱金福,中文,曹操,碎脸,勾脸,,黑色,,,,随意形,碎鼻窝,,,,,jpg,361,450,25.6,96,96,24,2020.1.5,,,,,
028,29,28,,曹洪,,将官类,净,武净,战宛城,盗双戟、割发代首、张绣刺婶,三国演义,侯喜瑞,中文,曹操,花三块瓦脸,勾脸,,红色,,,,如意钩形,碎鼻窝,,,,,jpg,360,450,25.8,96,96,24,2020.1.5,,,侯喜瑞（1892年2月23日-1983年2月22日），京剧净角。幼入富连成科班，先学梆子老生，后师从韩乐卿学架子花脸和武花脸戏。出科后拜黄润甫为师，颇得真传，并在严承师教基础上，根据自身条件扬长避短，形成新的艺术风格“侯派”，与金少山、郝寿臣三足鼎立。侯喜瑞虽然嗓音较哑，但字准音足，听起来简练隽永，字字入耳。早年在富连成社担任武生净行教师，晚年在中国戏曲学院、北京市戏曲学校任教。,,
029,30,29,,张郃,张儁乂,将官类,净,武净,长坂坡,单骑救主、子龙救主、当阳桥,三国演义,侯喜瑞,中文,赵云,三块瓦脸,勾脸,,紫红色,,钩眉,直眼窝,随意形,尖鼻窝,,,,,jpg,369,450,24.4,96,96,24,2020.1.5,,,侯喜瑞（1892年2月23日-1983年2月22日），京剧净角。幼入富连成科班，先学梆子老生，后师从韩乐卿学架子花脸和武花脸戏。出科后拜黄润甫为师，颇得真传，并在严承师教基础上，根据自身条件扬长避短，形成新的艺术风格“侯派”，与金少山、郝寿臣三足鼎立。侯喜瑞虽然嗓音较哑，但字准音足，听起来简练隽永，字字入耳。早年在富连成社担任武生净行教师，晚年在中国戏曲学院、北京市戏曲学校任教。,,
030,31,30,,徐晃,徐公明,将官类,净,武净,阳平关,子龙护忠,三国演义,侯喜瑞,中文,曹操,花三块瓦脸,勾脸,,白色,,刀眉,老眼窝,胆形,卷鼻窝,,,,,jpg,369,450,18.4,96,96,24,2020.1.5,,,侯喜瑞（1892年2月23日-1983年2月22日），京剧净角。幼入富连成科班，先学梆子老生，后师从韩乐卿学架子花脸和武花脸戏。出科后拜黄润甫为师，颇得真传，并在严承师教基础上，根据自身条件扬长避短，形成新的艺术风格“侯派”，与金少山、郝寿臣三足鼎立。侯喜瑞虽然嗓音较哑，但字准音足，听起来简练隽永，字字入耳。早年在富连成社担任武生净行教师，晚年在中国戏曲学院、北京市戏曲学校任教。,,
031,32,31,,孟坦,,将官类,净,武净,过五关,辞曹斩将、过关斩将,三国演义,通用,中文,关羽,三块瓦脸,勾脸,,紫红色,,,,随意形,碎鼻窝,,,,,jpg,364,450,25,96,96,24,2020.1.5,,,,,
032,33,32,,蔡阳,,将官类,净,武净,古城会,,三国演义,通用,中文,关羽,三块瓦脸,勾脸,,白色,,刀眉,老眼窝,胆形,尖鼻窝,,,,,jpg,373,450,18.6,96,96,24,2020.1.5,,,,,
033,34,33,,黄盖,黄公覆,将官类,净,副净,群英会,草船借箭、蒋干中计,三国演义,裘盛戎,中文,蒋干,六分脸,勾脸,,红色,,老眉,,立柱纹,,,,,,jpg,407,512,20.7,96,96,24,2020.1.5,,,,,
034,35,34,,孙权,孙仲谋,将官类,净,副净,甘露寺,龙凤配、美人计,三国演义,侯喜瑞,中文,蒋钦,整脸,抹脸,,白色,,本眉,奸眼窝,如意钩形,满鼻窝,,,,,jpg,414,482,20.4,96,96,24,2020.1.5,,,侯喜瑞（1892年2月23日-1983年2月22日），京剧净角。幼入富连成科班，先学梆子老生，后师从韩乐卿学架子花脸和武花脸戏。出科后拜黄润甫为师，颇得真传，并在严承师教基础上，根据自身条件扬长避短，形成新的艺术风格“侯派”，与金少山、郝寿臣三足鼎立。侯喜瑞虽然嗓音较哑，但字准音足，听起来简练隽永，字字入耳。早年在富连成社担任武生净行教师，晚年在中国戏曲学院、北京市戏曲学校任教。,,
035,36,35,,吕蒙,,将官类,净,武净,走麦城,麦城升天、白衣渡江、荆州失计,三国演义,周信芳,中文,关羽,三块瓦脸,勾脸,,蓝色,,钩眉,大奸眼窝,胆形,满鼻窝,,,,,jpg,421,512,29.5,96,96,24,2020.1.5,,,,,
036,37,36,,太史慈,太史子义,将官类,净,武净,战合肥,,三国演义,通用,中文,张辽,碎脸,勾脸,,蓝色,,钩眉,花眼窝,随意形,碎鼻窝,,,,,jpg,425,512,31.7,96,96,24,2020.1.5,,,,,
037,38,37,,蒋钦,,将官类,净,武净,甘露寺,龙凤配、美人计,三国演义,通用,中文,孙权,三块瓦脸,勾脸,,蓝色,,钩眉,直眼窝,,卷鼻窝,,,,,jpg,413,513,25.5,96,96,24,2020.1.5,,,,,
038,39,38,,凌统,,将官类,净,武净,甘宁百骑劫魏营,,三国演义,袁国林,中文,甘宁,三块瓦脸,勾脸,,紫红色,,刀眉,直眼窝,如意钩形,满鼻窝,,,,,jpg,429,512,22.9,96,96,24,2020.1.5,,,,,
039,40,39,,周泰,,将官类,净,武净,连营寨,火烧连营七百里,三国演义,侯喜瑞,中文,甘宁,三块瓦脸,勾脸,,白色,,刀眉,大奸眼窝,胆形,尖鼻窝,,,,,jpg,423,512,22,96,96,24,2020.1.5,,,侯喜瑞（1892年2月23日-1983年2月22日），京剧净角。幼入富连成科班，先学梆子老生，后师从韩乐卿学架子花脸和武花脸戏。出科后拜黄润甫为师，颇得真传，并在严承师教基础上，根据自身条件扬长避短，形成新的艺术风格“侯派”，与金少山、郝寿臣三足鼎立。侯喜瑞虽然嗓音较哑，但字准音足，听起来简练隽永，字字入耳。早年在富连成社担任武生净行教师，晚年在中国戏曲学院、北京市戏曲学校任教。,,
040,41,40,,周处,,英雄类,净,副净,除三害,混天球、应天球、打虎斩蛟,世说新语,郝寿臣,中文,王浚,花三块瓦脸,勾脸,,红色,,狼牙眉,垂眼窝,随意形,碎鼻窝,,,,,jpg,401,512,24.9,96,96,24,2020.1.5,,,郝寿臣（1886年-1961年），著名京剧表演艺术家、教育家，工架子花脸。原籍河北香河，幼年随父迁京，从师吕福善、唐永常、朱子久、阎宝恒等学艺。郝寿臣融金秀山铜锤与黄润甫架子两家艺术于一炉，唱念上自成一格，创成被誉为“架子花脸铜锤唱”的郝派艺术。他以气魄取胜，唱念韵味浑厚，工架凝练，表演浑然一体。他艺术态度严谨，善于刻画人物，数十年艺术生涯中，在220余个剧目中扮演过160多个主要和次要角色。与侯喜瑞、金少山并称“净行三杰”。,,
041,42,41,,秦英,秦梦,将官类,净,武净,乾坤带,金水桥、秦英钓鱼,秦英征西,侯喜瑞,中文,秦怀玉,花三块瓦脸,勾脸,,红色,,,垂眼窝,桃形,蒜头鼻窝,雷公嘴,,,,jpg,408,512,31.5,96,96,24,2020.1.5,,,侯喜瑞（1892年2月23日-1983年2月22日），京剧净角。幼入富连成科班，先学梆子老生，后师从韩乐卿学架子花脸和武花脸戏。出科后拜黄润甫为师，颇得真传，并在严承师教基础上，根据自身条件扬长避短，形成新的艺术风格“侯派”，与金少山、郝寿臣三足鼎立。侯喜瑞虽然嗓音较哑，但字准音足，听起来简练隽永，字字入耳。早年在富连成社担任武生净行教师，晚年在中国戏曲学院、北京市戏曲学校任教。,,
042,43,42,,窦一虎,,英雄类,净,副净,棋盘山,,征西演义,侯喜瑞,中文,窦仙童,碎脸,勾脸,,绿色,,狼牙眉,花眼窝,随意形,碎鼻窝,火盆嘴,,,,jpg,412,512,33.9,96,96,24,2020.1.5,,,侯喜瑞（1892年2月23日-1983年2月22日），京剧净角。幼入富连成科班，先学梆子老生，后师从韩乐卿学架子花脸和武花脸戏。出科后拜黄润甫为师，颇得真传，并在严承师教基础上，根据自身条件扬长避短，形成新的艺术风格“侯派”，与金少山、郝寿臣三足鼎立。侯喜瑞虽然嗓音较哑，但字准音足，听起来简练隽永，字字入耳。早年在富连成社担任武生净行教师，晚年在中国戏曲学院、北京市戏曲学校任教。,,
043,44,43,,薛刚,,将官类,净,副净,闹花灯,,薛刚反唐,杨小楼,中文,薛丁山,三块瓦脸,勾脸,,黑色,,螳螂眉,花眼窝,手形,碎鼻窝,虎嘴,,,,jpg,425,512,32.2,96,96,24,2020.1.5,,,杨小楼（1878年-1938年），名三元，安徽怀宁人，京剧武生演员，有“武生宗师”的盛誉。自幼入小荣椿社学艺，工武生。十七岁出科后，拜俞菊笙为师，又得谭鑫培等名家指点。杨小楼嗓音清脆洪亮，唱念均遵“奎派”风范，咬字清楚真切，间有京音，行腔朴直无华。在艺术上继承家学，同时博采众长，逐渐形成独树一帜的“杨派”。武打步法准确灵敏，无空招废式，贴切地表现人物的性格，着力体现意境，追求神似，也即“武戏文唱”的杨派特点。,,
044,45,44,,苏宝同,,将官类,净,武净,界牌关,盘肠战,征西演义,侯喜瑞,中文,安殿宝,碎脸,勾脸,,黑色,,钩眉,,如意钩形,碎鼻窝,,,,,jpg,411,512,33.3,96,96,24,2020.1.5,,,侯喜瑞（1892年2月23日-1983年2月22日），京剧净角。幼入富连成科班，先学梆子老生，后师从韩乐卿学架子花脸和武花脸戏。出科后拜黄润甫为师，颇得真传，并在严承师教基础上，根据自身条件扬长避短，形成新的艺术风格“侯派”，与金少山、郝寿臣三足鼎立。侯喜瑞虽然嗓音较哑，但字准音足，听起来简练隽永，字字入耳。早年在富连成社担任武生净行教师，晚年在中国戏曲学院、北京市戏曲学校任教。,,
045,46,45,,薛葵,,将官类,净,副净,徐策跑城,,薛刚反唐,王鸿寿,中文,徐策,碎脸,勾脸,,黑色,,红黄眉,,葵形,碎鼻窝,,,,,jpg,411,512,34.8,96,96,24,2020.1.5,,,,,
046,47,46,,安殿宝,,将官类,净,武净,独木关,枪挑安殿宝、病挑安殿宝、薛礼叹月,征东全传,尚和玉,中文,薛仁贵,三块瓦脸,勾脸,,黄色,,螳螂眉,大奸眼窝,,卷鼻窝,,,,,jpg,411,512,26.3,96,96,24,2020.1.5,,,,,
047,48,47,,巴兰,,将官类,净,武净,百花公主,,,王正屏,中文,百花公主,三块瓦脸,勾脸,,红色,,刀眉,老眼窝,火字形,满鼻窝,,,,,jpg,425,512,27.7,96,96,24,2020.1.5,,,,,
048,49,48,,贺天龙,,将官类,净,武净,雁荡山,,隋唐演义,钱金福,中文,孟海公,三块瓦脸,勾脸,,油白色,,螳螂眉,大奸眼窝,随意形,尖鼻窝,,,,,jpg,413,491,24.4,96,96,24,2020.1.5,,,,,
049,50,49,,郭子仪,郭令公、郭汾阳,将官类,净,副净,满床笏,打金枝,隋唐演义,张二奎,中文,郭暧,六分脸,勾脸,,粉色,,老眉,老眼窝,立柱纹,满鼻窝,,,,,jpg,411,512,27.3,96,96,24,2020.1.5,,,,,
050,51,50,,王彦章,,将官类,净,副净,双观星,二童观星,残唐五代史演义,钱金福,中文,李克用,象形脸,勾脸,,黑色,,钩眉,,蛤蟆形,碎鼻窝,,,,,jpg,405,512,36.8,96,96,24,2020.1.5,,,,,
051,52,51,,周德威,,将官类,净,武净,珠帘寨,竹帘寨、沙陀国、解宝收威,残唐五代史演义,侯喜瑞,中文,李克用,三块瓦脸,勾脸,,红色,,刀眉,直眼窝,胆形,满鼻窝,,,,,jpg,417,512,29.7,96,96,24,2020.1.5,,,侯喜瑞（1892年2月23日-1983年2月22日），京剧净角。幼入富连成科班，先学梆子老生，后师从韩乐卿学架子花脸和武花脸戏。出科后拜黄润甫为师，颇得真传，并在严承师教基础上，根据自身条件扬长避短，形成新的艺术风格“侯派”，与金少山、郝寿臣三足鼎立。侯喜瑞虽然嗓音较哑，但字准音足，听起来简练隽永，字字入耳。早年在富连成社担任武生净行教师，晚年在中国戏曲学院、北京市戏曲学校任教。,,
052,53,52,,余洪,,将官类,净,武净,竹林计,火烧余洪,三下南唐,骆连翔,中文,赵匡胤,碎脸,勾脸,,黑色、金色,,,,随意形,碎鼻窝,,,,,jpg,403,512,37.1,96,96,24,2020.1.5,,,,,
053,54,53,,郑恩,郑子明,将官类,净,副净,打龙棚,万里侯,飞龙传,郝寿臣,中文,赵匡胤,歪脸,勾脸,,黑色,,凝眉,,螺形,歪鼻窝,,,,,jpg,421,512,37.4,96,96,24,2020.1.5,,,郝寿臣（1886年-1961年），著名京剧表演艺术家、教育家，工架子花脸。原籍河北香河，幼年随父迁京，从师吕福善、唐永常、朱子久、阎宝恒等学艺。郝寿臣融金秀山铜锤与黄润甫架子两家艺术于一炉，唱念上自成一格，创成被誉为“架子花脸铜锤唱”的郝派艺术。他以气魄取胜，唱念韵味浑厚，工架凝练，表演浑然一体。他艺术态度严谨，善于刻画人物，数十年艺术生涯中，在220余个剧目中扮演过160多个主要和次要角色。与侯喜瑞、金少山并称“净行三杰”。,,
054,55,54,,赵匡胤,宋太祖,将官类,生,红生,斩黄袍,斩郑恩、赐黄袍、桃花宫、酒醉桃花宫,飞龙传,刘鸿声,中文,郑恩,整脸,勾脸,,红色,,凝眉,,红色脑门,,,,,,jpg,414,512,28.7,96,96,24,2020.1.5,,,刘鸿声（1876—1921），字子余，号泽滨，北京人。京剧老生名家，因业余爱好京剧而加入班社演唱。初演铜锤花脸，宗穆风山一派，后改唱老生，以嗓音高亢、挺拔、流利而著名，世称“刘派”。刘鸿声因跛足，又无幼工，故基本没有靠把戏、武老生戏及特殊的表演技艺，以唱功戏为主。他以奎派的唱腔为基础，吸收各派老生的唱法，因嗓音高而音域窄，乃形成一种独特唱法，别具韵味，以唱工独具特色为主要标志。,,
055,56,55,,呼延赞,,将官类,净,武净,龙虎斗,风云会、下河东、白龙关,杨家将演义,朱斌仙,中文,赵匡胤,碎脸,勾脸,,黑色,,点眉,环眼窝,王字形,碎鼻窝,虎嘴,,,,jpg,408,512,38,96,96,24,2020.1.5,,,,,
056,57,56,,崔子健,,将官类,净,副净,佘赛花,佘塘关,残唐五代史演义,通用,中文,杨业,十字门脸,勾脸,,红色,,蝙蝠眉,鸟眼窝,立柱纹,卷鼻窝,,,,,jpg,414,512,31,96,96,24,2020.1.5,,,,,
057,58,57,,钟离春,钟无艳,将官类,旦,,湘江会,,列女传,张玉文,中文,晏婴,碎脸,勾脸,,蓝色,,柳叶眉,鸟眼窝,莲花形,哭鼻窝,虎嘴,,,,jpg,412,502,35.6,96,96,24,2020.1.5,,,,,
058,59,58,,里克,,将官类,净,武净,蜜蜂计,骊姬祸,东周列国志,,中文,,碎脸,勾脸,,黑色,,蝙蝠眉,垂眼窝,点形,转鼻窝,,,,,jpg,412,502,35.8,96,96,24,2020.1.5,,,,,
059,60,59,,毛奔,毛逩,将官类,净,副净,五雷阵,孙庞斗智、兵吞六国,东周列国志,通用,中文,庞涓,花三块瓦脸,勾脸,,灰色,,,尖眼窝,如意钩形,碎鼻窝,,,,,jpg,412,502,33.2,96,96,24,2020.1.5,,,,,
060,61,60,,雷震子,雷振子,神怪类,净,武净,攻潼关,氤氲阵,封神演义,钱金福,中文,姬昌,象形脸,勾脸,,蓝色,,云眉,尖眼窝,明镜形,蒜头鼻窝,雷公嘴,,,,jpg,412,502,37.9,96,96,24,2020.1.5,,,,,
061,62,61,,魏绛,魏庄子,将官类,净,正净,赵氏孤儿,搜孤救孤,东周列国志,裘盛戎,中文,屠岸贾,三块瓦脸,勾脸,,粉红色,,刀眉,老眼窝,随意形,满鼻窝,,,,,jpg,412,502,28,96,96,24,2020.1.5,,,,,
062,63,62,,颍考叔,考叔,将官类,净,副净,伐子都,牛脾山、罚子都、搴旗夺车,东周列国志,郭元汾,中文,惠南王,三块瓦脸,勾脸,,红色,,直眉,直眼窝,钱形,满鼻窝,,,,,jpg,412,502,27.2,96,96,24,2020.1.5,,,郭元汾（？-1962年），京剧净角，京剧演员郭春山先生的长子。在入富连成科班后主攻铜锤花脸。郭元汾在唱法上不尚雕饰，吐字行腔遵循传统，追求严谨朴拙的风格，极少个人的发挥创造。他的唱功可称是黄钟大吕，声震屋瓦，他的做功边式好看，细腻传神，是位不可多得的全才净角。解放后调入北京，编入解放军总政治部文工团京剧团，后并入中国京剧院，列为四团。1958年郭元汾随四团支援宁夏，成立宁夏回族自治区京剧团。,,
063,64,63,,先蔑,,将官类,净,武净,摘缨会,晋楚交兵、功臣宴、绝缨会,东周列国志,钱金福,中文,楚庄王,十字门脸,勾脸,,黑色,,锯齿眉,大奸眼窝,立柱纹,卷鼻窝,,,,,jpg,412,502,30.8,96,96,24,2020.1.5,,,,,
064,65,64,,屠岸贾,,将官类,净,副净,赵氏孤儿,搜孤救孤,东周列国志,郝寿臣,中文,魏绛,花三块瓦脸,勾脸,,,,奸眉,垂眼窝,立柱纹,圆鼻窝,,,,,jpg,412,502,32.7,96,96,24,2020.1.5,,,郝寿臣（1886年-1961年），著名京剧表演艺术家、教育家，工架子花脸。原籍河北香河，幼年随父迁京，从师吕福善、唐永常、朱子久、阎宝恒等学艺。郝寿臣融金秀山铜锤与黄润甫架子两家艺术于一炉，唱念上自成一格，创成被誉为“架子花脸铜锤唱”的郝派艺术。他以气魄取胜，唱念韵味浑厚，工架凝练，表演浑然一体。他艺术态度严谨，善于刻画人物，数十年艺术生涯中，在220余个剧目中扮演过160多个主要和次要角色。与侯喜瑞、金少山并称“净行三杰”。,,
065,66,65,,王陵,,将官类,净,副净,陵母伏剑,,汉书·王陵传,通用,中文,,三块瓦脸,勾脸,,红色,,凝眉,直眼窝,如意钩形,满鼻窝,,,,,jpg,412,502,31.3,96,96,24,2020.1.5,,,,,
066,67,66,,夏侯婴,,,丑,,,,,,中文,,,,,,,,,,,,,,,jpg,412,502,30.3,96,96,24,2020.1.5,,,,,
067,68,67,,英布,,将官类,净,武净,霸王别姬,九里山、楚汉争、十面埋伏、垓下围、乌江自刎、乌江恨,史记·项羽本纪,杨小楼,中文,项羽,碎脸,勾脸,,黄色,,,,随意形,碎鼻窝,火盆嘴,,,,jpg,412,502,38.9,96,96,24,2020.1.5,,,杨小楼（1878年-1938年），名三元，安徽怀宁人，京剧武生演员，有“武生宗师”的盛誉。自幼入小荣椿社学艺，工武生。十七岁出科后，拜俞菊笙为师，又得谭鑫培等名家指点。杨小楼嗓音清脆洪亮，唱念均遵“奎派”风范，咬字清楚真切，间有京音，行腔朴直无华。在艺术上继承家学，同时博采众长，逐渐形成独树一帜的“杨派”。武打步法准确灵敏，无空招废式，贴切地表现人物的性格，着力体现意境，追求神似，也即“武戏文唱”的杨派特点。,,
068,69,68,,项羽,霸王,将官类,净,武净,霸王别姬,九里山、楚汉争、十面埋伏、垓下围、乌江自刎、乌江恨,史记·项羽本纪,郝寿臣,中文,虞姬,花三块瓦脸,勾脸,,黑色,,寿字眉,倭口眼窝,立柱纹,哭鼻窝,,,,,jpg,412,502,30.6,96,96,24,2020.1.5,,,郝寿臣（1886年-1961年），著名京剧表演艺术家、教育家，工架子花脸。原籍河北香河，幼年随父迁京，从师吕福善、唐永常、朱子久、阎宝恒等学艺。郝寿臣融金秀山铜锤与黄润甫架子两家艺术于一炉，唱念上自成一格，创成被誉为“架子花脸铜锤唱”的郝派艺术。他以气魄取胜，唱念韵味浑厚，工架凝练，表演浑然一体。他艺术态度严谨，善于刻画人物，数十年艺术生涯中，在220余个剧目中扮演过160多个主要和次要角色。与侯喜瑞、金少山并称“净行三杰”。,,
069,70,69,,彭越,,将官类,净,武净,霸王别姬,九里山、楚汉争、十面埋伏、垓下围、乌江自刎、乌江恨,史记·项羽本纪,通用,中文,项羽,三块瓦脸,勾脸,,紫红色,,细眉,,随意形,碎鼻窝,火盆嘴,,,,jpg,412,502,41.6,96,96,24,2020.1.5,,,,,
070,71,70,,吕马童,,将官类,净,副净,霸王别姬,九里山、楚汉争、十面埋伏、垓下围、乌江自刎、乌江恨,史记·项羽本纪,通用,中文,项羽,三块瓦脸,勾脸,,棕色,,,尖眼窝,如意钩形,碎鼻窝,,,,,jpg,412,502,37.5,96,96,24,2020.1.5,,,,,
071,72,71,,铫期,,将官类,净,武净,草桥关,威镇草桥、思念功臣、万花亭,东汉演义,郝寿臣,中文,郭荣,十字门脸,勾脸,,白色,,老眉,老眼窝,立柱纹,满鼻窝,,,,,jpg,412,502,25.1,96,96,24,2020.1.5,,,郝寿臣（1886年-1961年），著名京剧表演艺术家、教育家，工架子花脸。原籍河北香河，幼年随父迁京，从师吕福善、唐永常、朱子久、阎宝恒等学艺。郝寿臣融金秀山铜锤与黄润甫架子两家艺术于一炉，唱念上自成一格，创成被誉为“架子花脸铜锤唱”的郝派艺术。他以气魄取胜，唱念韵味浑厚，工架凝练，表演浑然一体。他艺术态度严谨，善于刻画人物，数十年艺术生涯中，在220余个剧目中扮演过160多个主要和次要角色。与侯喜瑞、金少山并称“净行三杰”。,,
072,73,72,,吴汉,,将官类,净,副净,长安闱,杀妻犒军、献长安、吃人肉,东汉演义,郭元汾,中文,刘秀,三块瓦脸,勾脸,,红色,,直眉,直眼窝,锥形,卷鼻窝,,,,,jpg,412,502,29.6,96,96,24,2020.1.5,,,郭元汾（？-1962年），京剧净角，京剧演员郭春山先生的长子。在入富连成科班后主攻铜锤花脸。郭元汾在唱法上不尚雕饰，吐字行腔遵循传统，追求严谨朴拙的风格，极少个人的发挥创造。他的唱功可称是黄钟大吕，声震屋瓦，他的做功边式好看，细腻传神，是位不可多得的全才净角。解放后调入北京，编入解放军总政治部文工团京剧团，后并入中国京剧院，列为四团。1958年郭元汾随四团支援宁夏，成立宁夏回族自治区京剧团。,,
073,74,73,,魏延,魏文长,将官类,净,武净,战长沙,,三国演义,郝寿臣,中文,关羽,花三块瓦脸,勾脸,,紫红色,,凝眉,大奸眼窝,立柱纹,卷鼻窝,,,,,jpg,365,450,25,96,96,24,2020.1.5,,,郝寿臣（1886年-1961年），著名京剧表演艺术家、教育家，工架子花脸。原籍河北香河，幼年随父迁京，从师吕福善、唐永常、朱子久、阎宝恒等学艺。郝寿臣融金秀山铜锤与黄润甫架子两家艺术于一炉，唱念上自成一格，创成被誉为“架子花脸铜锤唱”的郝派艺术。他以气魄取胜，唱念韵味浑厚，工架凝练，表演浑然一体。他艺术态度严谨，善于刻画人物，数十年艺术生涯中，在220余个剧目中扮演过160多个主要和次要角色。与侯喜瑞、金少山并称“净行三杰”。,,
074,75,74,,孟达,孟子度,将官类,净,副净,走麦城,麦城升天、白衣渡江、荆州失计,三国演义,朱斌仙,中文,刘封,元宝脸,勾脸,,,,本眉,,,尖鼻窝,,,,,jpg,351,450,20.4,96,96,24,2020.1.5,,,,,
075,76,75,,严颜,,将官类,生,老生,过巴州,收严颜、夜过巴州、两张飞、义释严颜,三国演义,侯喜瑞,中文,张飞,六分脸,勾脸,,粉红色,,老眉,,立柱纹,,,,,,jpg,367,450,19.3,96,96,24,2020.1.5,,,侯喜瑞（1892年2月23日-1983年2月22日），京剧净角。幼入富连成科班，先学梆子老生，后师从韩乐卿学架子花脸和武花脸戏。出科后拜黄润甫为师，颇得真传，并在严承师教基础上，根据自身条件扬长避短，形成新的艺术风格“侯派”，与金少山、郝寿臣三足鼎立。侯喜瑞虽然嗓音较哑，但字准音足，听起来简练隽永，字字入耳。早年在富连成社担任武生净行教师，晚年在中国戏曲学院、北京市戏曲学校任教。,,
076,77,76,,沙摩柯,,将官类,净,武净,连营寨,火烧连营七百里,三国演义,通用,中文,周泰,花三块瓦脸,勾脸,,灰色,,,,随意形,碎鼻窝,虎嘴,,,,jpg,366,450,27,96,96,24,2020.1.5,,,,,
077,78,77,,姜维,姜伯约,将官类,净,武净,铁笼山,草上坡、九伐中原、山顶拜泉、败阵祈泉、大战蛮兵,三国演义,杨小楼,中文,郭淮,三块瓦脸,勾脸,,红色,,直眉,直眼窝,太极形,卷鼻窝,,,,,jpg,361,450,23,96,96,24,2020.1.5,,,杨小楼（1878年-1938年），名三元，安徽怀宁人，京剧武生演员，有“武生宗师”的盛誉。自幼入小荣椿社学艺，工武生。十七岁出科后，拜俞菊笙为师，又得谭鑫培等名家指点。杨小楼嗓音清脆洪亮，唱念均遵“奎派”风范，咬字清楚真切，间有京音，行腔朴直无华。在艺术上继承家学，同时博采众长，逐渐形成独树一帜的“杨派”。武打步法准确灵敏，无空招废式，贴切地表现人物的性格，着力体现意境，追求神似，也即“武戏文唱”的杨派特点。,,
078,79,78,,夏侯德,,将官类,净,武净,定军山,一战成功、老将得胜、取东川,三国演义,王长林,中文,夏侯渊,碎脸,勾脸,,绿色,,,垂眼窝,钱形,碎鼻窝,,,,,jpg,358,450,28.2,96,96,24,2020.1.5,,,,,
079,80,79,,张苞,,将官类,净,武净,连营寨,火烧连营七百里,三国演义,钱金福,中文,刘备,十字门脸,勾脸,,黑色,,环眉,环眼窝,立柱纹,笑鼻窝,,,,,jpg,370,450,23.1,96,96,24,2020.1.5,,,,,
080,81,80,,邓艾,邓士载,将官类,净,副净,坛山谷,姜维屯田,三国演义,郝寿臣,中文,姜维,三块瓦脸,勾脸,,白色,,柳叶眉,直眼窝,锥形,满鼻窝,,,,,jpg,367,450,20.2,96,96,24,2020.1.5,,,郝寿臣（1886年-1961年），著名京剧表演艺术家、教育家，工架子花脸。原籍河北香河，幼年随父迁京，从师吕福善、唐永常、朱子久、阎宝恒等学艺。郝寿臣融金秀山铜锤与黄润甫架子两家艺术于一炉，唱念上自成一格，创成被誉为“架子花脸铜锤唱”的郝派艺术。他以气魄取胜，唱念韵味浑厚，工架凝练，表演浑然一体。他艺术态度严谨，善于刻画人物，数十年艺术生涯中，在220余个剧目中扮演过160多个主要和次要角色。与侯喜瑞、金少山并称“净行三杰”。,,
081,82,81,,孔秀,,将官类,净,武净,过五关,辞曹斩将、过关斩将,三国演义,通用,中文,关羽,三块瓦脸,勾脸,,红色,,奸眉,大奸眼窝,锥形,尖鼻窝,,,,,jpg,372,450,23.2,96,96,24,2020.1.5,,,,,
082,83,82,,秦琪,,将官类,净,武净,过五关,辞曹斩将、过关斩将,三国演义,通用,中文,关羽,歪脸,勾脸,,黑色,,,鸟眼窝,螺形,歪鼻窝,,,,,jpg,362,450,28.5,96,96,24,2020.1.5,,,,,
083,84,83,,司马懿,司马仲达,将官类,净,副净,失街亭,,三国演义,郝寿臣,中文,马谡,整脸,抹脸,,白色,,本眉,奸眼窝,,,,,,,jpg,369,450,19.7,96,96,24,2020.1.5,,,郝寿臣（1886年-1961年），著名京剧表演艺术家、教育家，工架子花脸。原籍河北香河，幼年随父迁京，从师吕福善、唐永常、朱子久、阎宝恒等学艺。郝寿臣融金秀山铜锤与黄润甫架子两家艺术于一炉，唱念上自成一格，创成被誉为“架子花脸铜锤唱”的郝派艺术。他以气魄取胜，唱念韵味浑厚，工架凝练，表演浑然一体。他艺术态度严谨，善于刻画人物，数十年艺术生涯中，在220余个剧目中扮演过160多个主要和次要角色。与侯喜瑞、金少山并称“净行三杰”。,,
084,85,84,,蒋干,,将官类,丑,文丑,群英会,草船借箭、蒋干中计,三国演义,萧长华,中文,黄盖,腰子脸,勾脸,,,,随意眉,,,,,,,,jpg,359,450,17.2,96,96,24,2020.1.5,,,,,
085,86,85,,司马师,,将官类,净,副净,红逼宫,司马师逼宫、废曹芳、定中原,三国演义,侯喜瑞,中文,曹芳,十字门脸,勾脸,,白色,,奸眉,垂眼窝,锥形,卷鼻窝,,,,,jpg,365,450,24.8,96,96,24,2020.1.5,,,侯喜瑞（1892年2月23日-1983年2月22日），京剧净角。幼入富连成科班，先学梆子老生，后师从韩乐卿学架子花脸和武花脸戏。出科后拜黄润甫为师，颇得真传，并在严承师教基础上，根据自身条件扬长避短，形成新的艺术风格“侯派”，与金少山、郝寿臣三足鼎立。侯喜瑞虽然嗓音较哑，但字准音足，听起来简练隽永，字字入耳。早年在富连成社担任武生净行教师，晚年在中国戏曲学院、北京市戏曲学校任教。,,
086,87,86,,郭淮,郭伯济,将官类,净,武净,铁笼山,草上坡、九伐中原、山顶拜泉、败阵祈泉、大战蛮兵,三国演义,范宝亭,中文,姜维,碎脸,勾脸,,黑色,,狼牙眉,垂眼窝,随意形,碎鼻窝,,,,,jpg,368,450,26.2,96,96,24,2020.1.5,,,范宝亭（1887年-1944年2月7日），北京人，著名京剧武净。科班出身，自幼坐科福寿班，和许德义同门。任荣春社教师、中华戏曲专科学校净行教师。范宝亭戏路极广，能演长靠戏、短打戏，经常参加名演员创演的新戏。范宝亭的跌打翻扑的特技功夫是无人与之匹敌的。他演戏不但应付自如，还发扬了他的革新精神。范宝亭有很多弟子，最知名的是刘奎官，厉慧良、景荣庆等也曾受教于他。,,
087,88,87,,董卓,董仲颖,将官类,净,副净,凤仪亭,梳妆掷戟,三国演义,赵炳啸,中文,吕布,整脸,抹脸,,白色,,本眉,奸眼窝,,尖鼻窝,,,,,jpg,366,450,19.9,96,96,24,2020.1.5,,,,金派,
088,89,88,,马谡,马幼常,将官类,净,副净,失街亭,,三国演义,侯喜瑞,中文,司马懿,三块瓦脸,勾脸,,油白色,,,直眼窝,锥形,满鼻窝,,,,,jpg,358,450,18.4,96,96,24,2020.1.5,,,侯喜瑞（1892年2月23日-1983年2月22日），京剧净角。幼入富连成科班，先学梆子老生，后师从韩乐卿学架子花脸和武花脸戏。出科后拜黄润甫为师，颇得真传，并在严承师教基础上，根据自身条件扬长避短，形成新的艺术风格“侯派”，与金少山、郝寿臣三足鼎立。侯喜瑞虽然嗓音较哑，但字准音足，听起来简练隽永，字字入耳。早年在富连成社担任武生净行教师，晚年在中国戏曲学院、北京市戏曲学校任教。,,
089,90,89,,郭荣,郭太师,将官类,净,副净,草桥关,威镇草桥,东汉演义,郭元汾,中文,铫期,整脸,抹脸,,白色,,本眉,奸眼窝,,尖鼻窝,,,,,jpg,412,502,28.7,96,96,24,2020.1.5,,,郭元汾（？-1962年），京剧净角，京剧演员郭春山先生的长子。在入富连成科班后主攻铜锤花脸。郭元汾在唱法上不尚雕饰，吐字行腔遵循传统，追求严谨朴拙的风格，极少个人的发挥创造。他的唱功可称是黄钟大吕，声震屋瓦，他的做功边式好看，细腻传神，是位不可多得的全才净角。解放后调入北京，编入解放军总政治部文工团京剧团，后并入中国京剧院，列为四团。1958年郭元汾随四团支援宁夏，成立宁夏回族自治区京剧团。,,
090,91,90,,王元,,将官类,净,武净,取洛阳,光武兴,东汉演义,,中文,,元宝脸,勾脸,,,,,,如意钩形,卷鼻窝,,,,,jpg,412,502,28.1,96,96,24,2020.1.5,,,,,
091,92,91,,须贾,,将官类,净,副净,赠绨袍,须贾谇范雎,东周列国志,郝寿臣,中文,范雎,三块瓦脸,勾脸,,白色,,奸眉,尖眼窝,锥形,卷鼻窝,,,,,jpg,412,502,27.9,96,96,24,2020.1.5,,,郝寿臣（1886年-1961年），著名京剧表演艺术家、教育家，工架子花脸。原籍河北香河，幼年随父迁京，从师吕福善、唐永常、朱子久、阎宝恒等学艺。郝寿臣融金秀山铜锤与黄润甫架子两家艺术于一炉，唱念上自成一格，创成被誉为“架子花脸铜锤唱”的郝派艺术。他以气魄取胜，唱念韵味浑厚，工架凝练，表演浑然一体。他艺术态度严谨，善于刻画人物，数十年艺术生涯中，在220余个剧目中扮演过160多个主要和次要角色。与侯喜瑞、金少山并称“净行三杰”。,,
092,93,92,,专诸,,将官类,净,武净,鱼肠剑,鱼藏剑,东周列国志,马连昆,中文,姬僚,三块瓦脸,勾脸,,紫红色,,刀眉,直眼窝,胆形,满鼻窝,,,,,jpg,412,502,32.6,96,96,24,2020.1.5,,,,,
093,94,93,,曹操,曹孟德,将官类,净,副净,捉放曹,捉放宿店、中牟县、陈宫计,三国演义,侯喜瑞,中文,陈宫,整脸,抹脸,,白色,,本眉,奸眼窝,,,,,,,jpg,366,450,17.4,96,96,24,2020.1.5,,,侯喜瑞（1892年2月23日-1983年2月22日），京剧净角。幼入富连成科班，先学梆子老生，后师从韩乐卿学架子花脸和武花脸戏。出科后拜黄润甫为师，颇得真传，并在严承师教基础上，根据自身条件扬长避短，形成新的艺术风格“侯派”，与金少山、郝寿臣三足鼎立。侯喜瑞虽然嗓音较哑，但字准音足，听起来简练隽永，字字入耳。早年在富连成社担任武生净行教师，晚年在中国戏曲学院、北京市戏曲学校任教。,,
094,95,94,,典韦,,将官类,净,武净,战宛城,盗双戟、割发代首、张绣刺婶,三国演义,钱金福,中文,曹操,花三块瓦脸,勾脸,,黄色,,钩眉,垂眼窝,随意形,碎鼻窝,,,,,jpg,363,450,24.9,96,96,24,2020.1.5,,,,,
095,96,95,,贾华,,将官类,丑,武丑,甘露寺,龙凤配、美人计,三国演义,通用,中文,,白粉脸,勾脸,,白色,,随意眉,,,满鼻窝,,,,,jpg,377,450,21.8,96,96,24,2020.1.5,,,,,
096,97,96,,程普,,将官类,净,武净,凤凰二乔,凤凰台,三国演义,通用,中文,孙策,三块瓦脸,勾脸,,红色,,刀眉,直眼窝,胆形,满鼻窝,,,,,jpg,368,450,22.6,96,96,24,2020.1.5,,,,,
097,98,97,,尉迟宝林,,将官类,净,武净,白良关,雌雄鞭、父子会,小尉迟认父,马连昆,中文,尉迟恭,十字门脸,勾法,,黑色,,柳叶眉,环眼窝,立柱纹,笑鼻窝,虎嘴,,,,jpg,412,512,29.3,96,96,24,2020.1.5,,,,,
098,99,98,,程咬金,程知节、程义贞、阿丑,英雄类,净,武净,响马传,,隋唐演义,袁世海,中文,尤俊达,碎脸,勾法,,绿色,,红黄眉,花眼窝,胆形,碎鼻窝,,,,,jpg,389,512,27.9,96,96,24,2020.1.5,,,,,
099,100,99,,单雄信,飞将,英雄类,净,武净,贾家楼,三十六友、五面枷,隋唐演义,侯喜瑞,中文,程咬金,花三块瓦脸,勾法,,蓝色,,红黄眉,花眼窝,胆形,碎鼻窝,,,,,jpg,406,512,31.1,96,96,24,2020.1.5,,,侯喜瑞（1892年2月23日-1983年2月22日），京剧净角。幼入富连成科班，先学梆子老生，后师从韩乐卿学架子花脸和武花脸戏。出科后拜黄润甫为师，颇得真传，并在严承师教基础上，根据自身条件扬长避短，形成新的艺术风格“侯派”，与金少山、郝寿臣三足鼎立。侯喜瑞虽然嗓音较哑，但字准音足，听起来简练隽永，字字入耳。早年在富连成社担任武生净行教师，晚年在中国戏曲学院、北京市戏曲学校任教。,,
100,101,100,,尉迟恭,尉迟敬德,将官类,净,正净,白良关,雌雄鞭、父子会,小尉迟认父,金少山,中文,尉迟宝林,六分脸,勾法,,黑色,,老眉,,立柱纹,,,,,,jpg,407,512,18.9,96,96,24,2020.1.5,,,金少山（1890年-1948年8月13日），一说作仲义，又名少山。满族，北京人，京剧净行演员，京剧名净金秀山三子。幼年从父学艺，工铜锤花脸，兼宗何桂山。同时，他从韩乐卿习练武功把子，后拜德珺如为师学架子花脸戏。由于金少山学艺众多，天赋优厚，声音洪亮，在方方面面皆都具备，其艺术风格已经不仅限于父亲金秀山的“金派”范围。他通过发挥自身条件，将净角艺术提高到一个新的高度，形成了自己的流派“新金派”。,,
101,102,101,,金甲,,将官类,净,武净,贾家楼,三十六友、五面枷,隋唐演义,通用,中文,童环,碎脸,揉脸,,黄色,,云眉,花眼窝,立柱纹,碎鼻窝,吊死鬼嘴,,,,jpg,409,512,32.4,96,96,24,2020.1.5,,,,,
102,103,102,,童环,,将官类,净,武净,贾家楼,三十六友、五面枷,隋唐演义,通用,中文,金甲,碎脸,勾法,,红色,,,垂眼窝,蝙蝠形,碎鼻窝,虎嘴,,,,jpg,412,512,31.7,96,96,24,2020.1.5,,,,,
103,104,103,,李元霸,李玄霸,将官类,净,武净,晋阳宫,,隋唐演义,杨小楼,中文,宇文成都,象形脸,勾脸,,黑色,,云眉,鸟眼窝,随意形,,雷公嘴,,,,jpg,414,512,31.7,96,96,24,2020.1.5,,,杨小楼（1878年-1938年），名三元，安徽怀宁人，京剧武生演员，有“武生宗师”的盛誉。自幼入小荣椿社学艺，工武生。十七岁出科后，拜俞菊笙为师，又得谭鑫培等名家指点。杨小楼嗓音清脆洪亮，唱念均遵“奎派”风范，咬字清楚真切，间有京音，行腔朴直无华。在艺术上继承家学，同时博采众长，逐渐形成独树一帜的“杨派”。武打步法准确灵敏，无空招废式，贴切地表现人物的性格，着力体现意境，追求神似，也即“武戏文唱”的杨派特点。,,
104,105,104,,李密,,将官类,净,副净,断密涧,双投唐、双带箭、银宫山,隋唐演义,郝寿臣,中文,王伯当,花三块瓦脸,勾脸,,紫红色,,柳叶眉,大奸眼窝,立柱纹,满鼻窝,,,,,jpg,400,512,24.3,96,96,24,2020.1.5,,,郝寿臣（1886年-1961年），著名京剧表演艺术家、教育家，工架子花脸。原籍河北香河，幼年随父迁京，从师吕福善、唐永常、朱子久、阎宝恒等学艺。郝寿臣融金秀山铜锤与黄润甫架子两家艺术于一炉，唱念上自成一格，创成被誉为“架子花脸铜锤唱”的郝派艺术。他以气魄取胜，唱念韵味浑厚，工架凝练，表演浑然一体。他艺术态度严谨，善于刻画人物，数十年艺术生涯中，在220余个剧目中扮演过160多个主要和次要角色。与侯喜瑞、金少山并称“净行三杰”。,,
105,106,105,,宇文成都,天宝大将,将官类,净,武净,晋阳宫,,隋唐演义,钱金福,中文,李元霸,三块瓦脸,勾脸,,黄色,,刀眉,直眼窝,,尖鼻窝,,,,,jpg,425,512,26.1,96,96,24,2020.1.5,,,,,
106,107,106,,鲍赐安,鲍自安,英雄类,净,武净,龙潭镇,龙潭鲍骆,绿牡丹全传,许德义,中文,濮天鹏,三块瓦脸,勾脸,,白色,,刀眉,老眼窝,胆形,满鼻窝,,,,,jpg,425,512,23.2,96,96,24,2020.1.5,,,许德义（1886年-1944年），名全增，北京人，京剧武净演员。其父为“奎派”老生许荫棠。自幼坐科福寿科班，工武净，拜前辈武净范福泰为师，与范福泰之子范宝亭是师兄弟。出科后，他为杨小楼的得力配角。许德义武功基础磁实，长靠短打皆精，以勇猛见长，英气勃勃，颇有大将风度。其为人直爽性格倔强，对艺术极端负责，台上从不懈怠，全力以赴。如有演出瑕疵，都会引起他深深的自责，“许德义自责”逐渐传为梨园佳话。,,
107,108,107,,黄胖,,英雄类,净,武净,巴骆和,,绿牡丹全传,通用,中文,巴杰,僧道脸,勾脸,,黄色,,蝙蝠眉,腰子眼窝,舍利子形,,火盆嘴,,,,jpg,413,512,30.7,96,96,24,2020.1.5,,,,,
108,109,108,,猩猩胆,,将官类,净,武净,摩天岭,,征东全传,通用,中文,薛仁贵,象形脸,揉脸,,蓝色,,随意眉,,火焰形,,雷公嘴,,,,jpg,413,512,32.2,96,96,24,2020.1.5,,,,,
109,110,109,,盖苏文,,将官类,,副净,汾河湾,打雁进窑、薛礼还家,征东全传,谭鑫培,中文,薛仁贵,花三块瓦脸,勾脸,,绿色,,刀眉,大奸眼窝,随意形,尖鼻窝,,,,,jpg,413,512,31.6,96,96,24,2020.1.5,,,,,
110,111,110,,巴杰,,英雄类,净,武净,巴骆和,,绿牡丹全传,侯喜瑞,中文,胡里,碎脸,勾脸,,黑色,,红色眉,花眼窝,随意形,碎鼻窝,吊死鬼嘴,,,,jpg,413,512,31.4,96,96,24,2020.1.5,,,侯喜瑞（1892年2月23日-1983年2月22日），京剧净角。幼入富连成科班，先学梆子老生，后师从韩乐卿学架子花脸和武花脸戏。出科后拜黄润甫为师，颇得真传，并在严承师教基础上，根据自身条件扬长避短，形成新的艺术风格“侯派”，与金少山、郝寿臣三足鼎立。侯喜瑞虽然嗓音较哑，但字准音足，听起来简练隽永，字字入耳。早年在富连成社担任武生净行教师，晚年在中国戏曲学院、北京市戏曲学校任教。,,
111,112,111,,朱温,,将官类,净,副净,雅观楼,擒孟觉海,残唐五代史演义,通用,中文,孟觉海,三块瓦脸,勾脸,,绿色,,黄色眉,大奸眼窝,蝙蝠形,尖鼻窝,,,,,jpg,419,512,30.4,96,96,24,2020.1.5,,,,,
112,113,112,,孟觉海,,英雄类,净,武净,雅观楼,擒孟觉海,残唐五代史演义,侯喜瑞,中文,朱温,三块瓦脸,勾脸,,红色,,狼牙眉,,如意钩形,碎鼻窝,虎嘴,,,,jpg,419,512,29.8,96,96,24,2020.1.5,,,侯喜瑞（1892年2月23日-1983年2月22日），京剧净角。幼入富连成科班，先学梆子老生，后师从韩乐卿学架子花脸和武花脸戏。出科后拜黄润甫为师，颇得真传，并在严承师教基础上，根据自身条件扬长避短，形成新的艺术风格“侯派”，与金少山、郝寿臣三足鼎立。侯喜瑞虽然嗓音较哑，但字准音足，听起来简练隽永，字字入耳。早年在富连成社担任武生净行教师，晚年在中国戏曲学院、北京市戏曲学校任教。,,
113,114,113,,高旺,,将官类,净,正净,牧虎关,黑风帕、背鞭认子,杨家将演义,裘盛戎,中文,杨延琪,十字门脸,勾脸,,,,老眉,直眼窝,立柱纹,满鼻窝,,,,,jpg,410,512,22.4,96,96,24,2020.1.5,,,,,
114,115,114,,天庆王,,将官类,净,副净,金沙滩,双龙会、八虎闯幽州,杨家将演义,通用,中文,杨延嗣,整脸,抹脸,,白色,,本眉,奸眼窝,,尖鼻窝,,,,,jpg,422,512,25.7,96,96,24,2020.1.5,,,,,
115,116,115,,韩昌,耶律遂正,将官类,净,武净,雁门关,八郎探母、南北和,杨家将演义,通用,中文,萧天佐,碎脸,揉脸,,红色,,,尖眼窝,点形,尖鼻窝,元宝嘴,,,,jpg,414,512,31.7,96,96,24,2020.1.5,,,,,
116,117,116,,白天佐,,将官类,净,武净,破洪州,天门阵,杨家将演义,通用,中文,萧天佐,花三块瓦脸,勾脸,,白色,,狼牙眉,尖眼窝,点形,卷鼻窝,火盆嘴,,,,jpg,415,512,27.8,96,96,24,2020.1.5,,,,,
117,118,117,,孟良,,将官类,净,正净,洪羊洞,孟良盗骨、三星归位,杨家将演义,马连昆,中文,焦赞,十字门脸,勾脸,,红色,,葫芦眉,垂眼窝,葫芦形,笑鼻窝,,,,,jpg,413,512,29.7,96,96,24,2020.1.5,,,,,
118,119,118,,焦赞,,将官类,净,副净,三岔口,焦赞发配,杨家将演义,黄润甫,中文,刘利华,十字门脸,勾脸,,白色,,柳叶眉,垂眼窝,立柱纹,笑鼻窝,,,,,jpg,408,496,27.9,96,96,24,2020.1.5,,,黄润甫（1845年-1916年），满族，北京人。因排行第三，人们都称他为“黄三”。自幼好读诗书，通晓诗文，爱好京剧，拜四喜班的朱志学为师，学习架子花脸。黄润甫表演功架秀丽，神态自然，讲究造型美。在继承和吸收前辈及同辈艺术的同时，加以创造、革新，影响侯喜瑞等一批大家。他通过吸收当代人的一些生活，提炼入戏，逐渐形成了自己的艺术风格，从而创立了架子花脸的第一个表演艺术流派“黄派”。,,
119,120,119,,杨延德,杨五郎,将官类,净,副净,五台山,五郎出家、五台会兄、大五台、兄弟会,杨家将演义,何桂山,中文,杨延昭,僧道脸,勾脸,,白色,,点眉,腰子眼窝,舍利子形,笑鼻窝,,,,,jpg,420,512,28.8,96,96,24,2020.1.5,,,,,
120,121,120,,杨延嗣,杨七郎,将官类,净,武净,金沙滩,双龙会、八虎闯幽州,杨家将演义,尚和玉,中文,天庆王,碎脸,勾脸,,黑色,,环眉,尖眼窝,虎字形,碎鼻窝,虎嘴,,,,jpg,419,512,36.9,96,96,24,2020.1.5,,,,,
121,122,121,,杨林,杨虎臣、靠山王,将官类,净,武净,车轮战,,隋唐演义,韩乐卿,中文,韩擒虎,三块瓦脸,勾脸,,粉红色,,锯齿眉,大奸眼窝,随意形,尖鼻窝,,,,,jpg,386,512,25,96,96,24,2020.1.5,,,,,
122,123,122,,辛文礼,,将官类,净,武净,霓虹关,东方夫人、伯当招亲、替夫报仇、黄土关,隋唐演义,朱斌仙,中文,东方氏,碎脸,勾脸,,黑色,,红色眉,,螺形,碎鼻窝,,,,,jpg,417,512,37.1,96,96,24,2020.1.5,,,,,
123,124,123,,李克用,李存孝,将官类,净,副净,珠帘寨,竹帘寨、沙陀国、解宝收威,残唐五代史演义,穆凤山,中文,周德威,六分脸,勾脸,,红色,,点眉,,立柱纹,,,,,,jpg,419,512,21.3,96,96,24,2020.1.5,,,,,
124,125,124,,胡里,,英雄类,丑,武丑,巴骆和,,绿牡丹全传,钱金福,中文,巴杰,,揉脸,,黑色,,红色眉,,锥形,蒜头鼻窝,元宝嘴,,,,jpg,419,512,29.3,96,96,24,2020.1.5,,,,,
125,126,125,,巴若里,,将官类,净,武净,状元媒,铜台阵、杨六郎招亲,杨家将演义,通用,中文,傅龙,碎脸,揉脸,,黑色,,,,胆形,碎鼻窝,,,,,jpg,420,512,35,96,96,24,2020.1.5,,,,,
126,127,126,,傅龙,,将官类,净,副净,状元媒,铜台阵、杨六郎招亲,杨家将演义,通用,中文,巴若里,六分脸,勾脸,,粉色,,钩眉,老眼窝,,满鼻窝,,,,,jpg,406,512,23.9,96,96,24,2020.1.5,,,,,
127,128,127,,潘洪,,将官类,净,副净,清官册,审潘洪、升官图、提寇阴审、霞谷县,杨家将演义,郝寿臣,中文,寇准,整脸,抹脸,,白色,,本眉,奸眼窝,,,,,,,jpg,412,502,33.6,150,150,24,2020.1.5,,,郝寿臣（1886年-1961年），著名京剧表演艺术家、教育家，工架子花脸。原籍河北香河，幼年随父迁京，从师吕福善、唐永常、朱子久、阎宝恒等学艺。郝寿臣融金秀山铜锤与黄润甫架子两家艺术于一炉，唱念上自成一格，创成被誉为“架子花脸铜锤唱”的郝派艺术。他以气魄取胜，唱念韵味浑厚，工架凝练，表演浑然一体。他艺术态度严谨，善于刻画人物，数十年艺术生涯中，在220余个剧目中扮演过160多个主要和次要角色。与侯喜瑞、金少山并称“净行三杰”。,,
128,129,128,,陶洪,,将官类,丑,武丑,打瓜园,,飞龙传,王长林,中文,郑恩,角筝形脸,勾脸,,,,随意眉,,,,,,,,jpg,412,502,37.9,150,150,24,2020.1.5,,,,,
129,130,129,,包拯,包青天,将官类,净,正净,铡美案,秦香莲,包公案,侯喜瑞,中文,陈世美,整脸,勾脸,,黑色,,勺眉,,月牙形,,,,,,jpg,412,502,38,150,150,24,2020.1.5,,,侯喜瑞（1892年2月23日-1983年2月22日），京剧净角。幼入富连成科班，先学梆子老生，后师从韩乐卿学架子花脸和武花脸戏。出科后拜黄润甫为师，颇得真传，并在严承师教基础上，根据自身条件扬长避短，形成新的艺术风格“侯派”，与金少山、郝寿臣三足鼎立。侯喜瑞虽然嗓音较哑，但字准音足，听起来简练隽永，字字入耳。早年在富连成社担任武生净行教师，晚年在中国戏曲学院、北京市戏曲学校任教。,,
130,131,130,,赵虎,,将官类,净,副净,铡美案,秦香莲,包公案,钱金福,中文,包拯,碎脸,勾脸,,黑色,,,,如意钩形,碎鼻窝,,,,,jpg,412,502,40.1,150,150,24,2020.1.5,,,,,
131,132,131,,王朝,,将官类,净,副净,铡美案,秦香莲,包公案,钱金福,中文,包拯,三块瓦脸,勾脸,,红色,,直眉,尖眼窝,如意钩形,尖鼻窝,,,,,jpg,412,502,63.6,150,150,24,2020.1.5,,,,,
132,133,132,,马汉,,将官类,净,副净,铡美案,秦香莲,包公案,钱金福,中文,包拯,元宝脸,勾脸,,,,刀眉,直眼窝,,尖鼻窝,,,,,jpg,412,502,40.7,150,150,24,2020.1.5,,,,,
133,134,133,,张天龙,,将官类,净,副净,双沙河,吐蕃国、人才驸马,杨家将演义,通用,中文,杨仙童,象形脸,揉脸,,蓝色,,,,手形,满鼻窝,,,,,jpg,412,502,38.9,150,150,24,2020.1.5,,,,,
134,135,134,,书童,,,,,盗银瓶,,,,中文,,,,,,,,,,,,,,,jpg,412,502,31,150,150,24,2020.1.5,,,,,
135,136,135,,呼延庆,,将官类,净,武净,呼延庆打擂,,呼家将,范宝亭,中文,包拯,碎脸,揉脸,,黑色,,凝眉,鸟眼窝,虎字形,哭鼻窝,虎嘴,,,,jpg,412,502,43.7,150,150,24,2020.1.5,,,范宝亭（1887年-1944年2月7日），北京人，著名京剧武净。科班出身，自幼坐科福寿班，和许德义同门。任荣春社教师、中华戏曲专科学校净行教师。范宝亭戏路极广，能演长靠戏、短打戏，经常参加名演员创演的新戏。范宝亭的跌打翻扑的特技功夫是无人与之匹敌的。他演戏不但应付自如，还发扬了他的革新精神。范宝亭有很多弟子，最知名的是刘奎官，厉慧良、景荣庆等也曾受教于他。,,
136,137,136,,王文,,将官类,净,武净,杨家女将,,杨家将演义,通用,中文,杨文广,三块瓦脸,勾脸,,白色,,奸眉,尖眼窝,线形,尖鼻窝,,,,,jpg,412,502,38.8,150,150,24,2020.1.5,,,,,
137,138,137,,韩彰,,英雄类,净,武净,花蝴蝶,邓家堡、鸳鸯桥,三侠五义,李春来,中文,徐庆、卢方,三块瓦脸,勾脸,,蓝色,,螳螂眉,尖眼窝,随意形,卷鼻窝,,,,,jpg,412,503,45.3,150,150,24,2020.1.5,,,李春来（1855-1925），京剧武生演员，字起山，河北高碑店人。早年在北京丰台喜春台梆子科班坐科。出科后在京津一带演出，后漂泊至上海，虽一度返京，但最后久居上海。其身材魁梧，武技精湛，动作迅捷、边式，开打干净、利索，以短打戏见长，且多独到之处。李春来被尊为南派武生宗师。与俞菊笙、黄月山并称为京剧武生三大流派。,,
138,139,138,,徐庆,,英雄类,净,武净,花蝴蝶,邓家堡、鸳鸯桥,三侠五义,李春来,中文,韩彰、卢方,碎脸,勾脸,,绿色,,螳螂眉,环眼窝,锥形,碎鼻窝,,,,,jpg,412,502,49.2,150,150,24,2020.1.5,,,李春来（1855-1925），京剧武生演员，字起山，河北高碑店人。早年在北京丰台喜春台梆子科班坐科。出科后在京津一带演出，后漂泊至上海，虽一度返京，但最后久居上海。其身材魁梧，武技精湛，动作迅捷、边式，开打干净、利索，以短打戏见长，且多独到之处。李春来被尊为南派武生宗师。与俞菊笙、黄月山并称为京剧武生三大流派。,,
139,140,139,,卢方,,英雄类,净,武净,花蝴蝶,邓家堡、鸳鸯桥,三侠五义,李春来,中文,韩彰、徐庆,三块瓦脸,勾脸,,粉色,,,老眼窝,扇形,灰鼻窝,,,,,jpg,412,502,39.7,150,150,24,2020.1.5,,,李春来（1855-1925），京剧武生演员，字起山，河北高碑店人。早年在北京丰台喜春台梆子科班坐科。出科后在京津一带演出，后漂泊至上海，虽一度返京，但最后久居上海。其身材魁梧，武技精湛，动作迅捷、边式，开打干净、利索，以短打戏见长，且多独到之处。李春来被尊为南派武生宗师。与俞菊笙、黄月山并称为京剧武生三大流派。,,
140,141,140,,蒋平,,,丑,,蒋平捞印,,,,中文,,,,,,,随意眉,,,,,,,,jpg,412,502,38.5,150,150,24,2020.1.5,,,,,
141,142,141,,公孙胜,入云龙,英雄类,净,副净,黄泥岗,生辰纲、七星聚义,水浒传,盖叫天,中文,晁盖,三块瓦脸,勾脸,,红色,,刀眉,尖眼窝,太极形,卷鼻窝,,,,,jpg,412,502,45.9,150,150,24,2020.1.5,,,盖叫天（1888年-1971年1月15日），原名张英杰，号燕南，河北高阳县人，著名京剧表演艺术家。自幼入天津隆庆利科班，习武生。他继承南派武生创始人李春来的艺术风格，兼收京剧和昆曲各派武生表演艺术的长处，并借鉴武术，仔细观察自然界的各种现象，充实自身塑造人物形象的表现力。他以丰富的武打技术和人物形体美的造型，逐渐形成了独具特色的“盖派”表演艺术。因擅演《武松》，有“江南活武松”之誉。,,
142,143,142,,刘唐,赤发鬼,英雄类,净,武净,浔阳楼,闹江州,水浒传,盖叫天,中文,晁盖,十字门脸,勾脸,,蓝色,,,垂眼窝,葫芦形,笑鼻窝,,,,,jpg,412,502,42.3,150,150,24,2020.1.5,,,盖叫天（1888年-1971年1月15日），原名张英杰，号燕南，河北高阳县人，著名京剧表演艺术家。自幼入天津隆庆利科班，习武生。他继承南派武生创始人李春来的艺术风格，兼收京剧和昆曲各派武生表演艺术的长处，并借鉴武术，仔细观察自然界的各种现象，充实自身塑造人物形象的表现力。他以丰富的武打技术和人物形体美的造型，逐渐形成了独具特色的“盖派”表演艺术。因擅演《武松》，有“江南活武松”之誉。,,
143,144,143,,晁盖,晁天王,英雄类,净,副净,浔阳楼,闹江州,水浒传,盖叫天,中文,杨志,三块瓦脸,勾脸,,黄色,,刀眉,老眼窝,随意形,灰鼻窝,,,,,jpg,412,502,36.9,150,150,24,2020.1.5,,,盖叫天（1888年-1971年1月15日），原名张英杰，号燕南，河北高阳县人，著名京剧表演艺术家。自幼入天津隆庆利科班，习武生。他继承南派武生创始人李春来的艺术风格，兼收京剧和昆曲各派武生表演艺术的长处，并借鉴武术，仔细观察自然界的各种现象，充实自身塑造人物形象的表现力。他以丰富的武打技术和人物形体美的造型，逐渐形成了独具特色的“盖派”表演艺术。因擅演《武松》，有“江南活武松”之誉。,,
144,145,144,,鲁智深,花和尚,英雄类,净,副净,野猪林,英雄血泪图、山神庙,水浒传,袁世海,中文,高俅,僧道脸,勾脸,,白色,,棒槌眉,腰子眼窝,舍利子形,笑鼻窝,,,,,jpg,412,502,42.9,150,150,24,2020.1.5,,,,,
145,146,145,,李逵,黑旋风,英雄类,净,副净,清风寨,娶李逵、青风寨、小鳌山,水浒传,袁世海,中文,刘通,花三块瓦脸,勾脸,,黑色,,刀眉,垂眼窝,圆形,笑鼻窝,,,,,jpg,412,503,44.8,150,150,24,2020.1.5,,,,,
146,147,146,,杨志,青面兽,英雄类,净,武净,黄泥岗,生辰纲、七星聚义,水浒传,盖叫天,中文,晁盖,碎脸,勾脸,,蓝色,,狼牙眉,,随意形,碎鼻窝,,,,,jpg,412,502,55.1,150,150,24,2020.1.5,,,盖叫天（1888年-1971年1月15日），原名张英杰，号燕南，河北高阳县人，著名京剧表演艺术家。自幼入天津隆庆利科班，习武生。他继承南派武生创始人李春来的艺术风格，兼收京剧和昆曲各派武生表演艺术的长处，并借鉴武术，仔细观察自然界的各种现象，充实自身塑造人物形象的表现力。他以丰富的武打技术和人物形体美的造型，逐渐形成了独具特色的“盖派”表演艺术。因擅演《武松》，有“江南活武松”之誉。,,
147,148,147,,白胜,,英雄类,丑,,黄泥岗,生辰纲、七星聚义,水浒传,,中文,,,,,,,,,,,,,,,jpg,412,502,32.4,150,150,24,2020.1.5,,,,,
148,149,148,,王英,矮脚虎,英雄类,净,武净,神州擂,大神州、燕青打擂、神州擂台,水浒传,,中文,,碎脸,勾脸,,黄色,,,尖眼窝,随意形,,火盆嘴,,,,jpg,412,502,48.4,150,150,24,2020.1.5,,,,,
149,150,149,,宣赞,丑郡马,将官类,净,武净,收关胜,请关胜、战泊口、大兴梁山,水浒传,通用,中文,索超,碎脸,勾脸,,黑色,,云眉,花眼窝,锥形,尖鼻窝,,,,,jpg,412,502,49.7,150,150,24,2020.1.5,,,,,
150,151,150,,呼延灼,双鞭,英雄类,净,武净,青州府,瓦砾场,水浒传,骆连翔,中文,秦明,碎脸,勾脸,,黑色,,狼牙眉,垂眼窝,随意形,碎鼻窝,,,,,jpg,412,502,55.1,150,150,24,2020.1.5,,,,,
151,152,151,,秦明,霹雳火,英雄类,净,武净,青州府,瓦砾场,水浒传,俞振庭,中文,呼延灼,碎脸,勾脸,,红色,,狼牙眉,垂眼窝,随意形,碎鼻窝,,,,,jpg,412,502,51.6,150,150,24,2020.1.5,,,,,
152,153,152,,索超,急先锋,将官类,净,武净,收关胜,请关胜、战泊口、大兴梁山,水浒传,韩富信,中文,宣赞,三块瓦脸,勾脸,,蓝色,,钩眉,大奸眼窝,线形,尖鼻窝,,,,,jpg,412,502,48.4,150,150,24,2020.1.5,,,,,
153,154,153,,周通,小霸王,英雄类,净,武净,花田错,花田八错、花轿娶和尚,水浒传,侯喜瑞,中文,卞机,碎脸,勾脸,,黑色,,钩眉,花眼窝,王字形,碎鼻窝,虎嘴,,,,jpg,412,502,56.8,150,150,24,2020.1.5,,,侯喜瑞（1892年2月23日-1983年2月22日），京剧净角。幼入富连成科班，先学梆子老生，后师从韩乐卿学架子花脸和武花脸戏。出科后拜黄润甫为师，颇得真传，并在严承师教基础上，根据自身条件扬长避短，形成新的艺术风格“侯派”，与金少山、郝寿臣三足鼎立。侯喜瑞虽然嗓音较哑，但字准音足，听起来简练隽永，字字入耳。早年在富连成社担任武生净行教师，晚年在中国戏曲学院、北京市戏曲学校任教。,,
154,155,154,,关胜,大刀,英雄类,净,武净,收关胜,请关胜、战泊口、大兴梁山,水浒传,钱金福,中文,呼延灼,三块瓦脸,勾脸,,红色,,刀眉,尖眼窝,,卷鼻窝,,,,,jpg,412,502,46,150,150,24,2020.1.5,,,,,
155,156,155,,汤隆,金钱豹子,英雄类,净,武净,雁翎甲,时迁盗甲,水浒传,通用,中文,时迁,碎脸,勾脸,,黄色,,钩眉,大奸眼窝,钱形,碎鼻窝,,,,,jpg,412,502,61.2,150,150,24,2020.1.5,,,,,
156,157,156,,杨林,,英雄类,净,武净,石秀探庄,探庄射灯,水浒传,通用,中文,栾廷玉,三块瓦脸,勾脸,,黄色,,刀眉,尖眼窝,胆形,笑鼻窝,,,,,jpg,412,502,48.3,150,150,24,2020.1.5,,,,,
157,158,157,,祝龙,,将官类,净,武净,三打祝家庄,,水浒传,通用,中文,祝虎、祝彪,碎脸,勾脸,,绿色,,红黄眉,,胆形,碎鼻窝,火盆嘴,,,,jpg,412,502,45.7,150,150,24,2020.1.5,,,,,
158,159,158,,祝虎,,将官类,净,武净,三打祝家庄,,水浒传,通用,中文,祝龙、祝彪,碎脸,勾脸,,蓝色,,红黄眉,花眼窝,随意形,碎鼻窝,火盆嘴,,,,jpg,412,502,49.5,150,150,24,2020.1.5,,,,,
159,160,159,,栾廷玉,,英雄类,净,武净,石秀探庄,探庄射灯,水浒传,韩富信,中文,石秀,三块瓦脸,勾脸,,紫红色,,螳螂眉,大奸眼窝,如意钩形,尖鼻窝,,,,,jpg,412,502,41.8,150,150,24,2020.1.5,,,,,
160,161,160,,祝彪,,将官类,净,武净,三打祝家庄,,水浒传,通用,中文,祝龙、祝虎,歪脸,勾脸,,白色,,凝眉,鸟眼窝,线形,歪鼻窝,歪嘴,,,,jpg,412,502,36.2,150,150,24,2020.1.5,,,,,
161,162,161,,张顺,浪里白条,英雄类,净,武净,秦淮河,大嫖院、贪欢报,水浒传,范宝亭,中文,安道全,花三块瓦脸,勾脸,,白色,,钩眉,垂眼窝,线形,尖鼻窝,火盆嘴,,,,jpg,412,502,41.6,150,150,24,2020.1.5,,,范宝亭（1887年-1944年2月7日），北京人，著名京剧武净。科班出身，自幼坐科福寿班，和许德义同门。任荣春社教师、中华戏曲专科学校净行教师。范宝亭戏路极广，能演长靠戏、短打戏，经常参加名演员创演的新戏。范宝亭的跌打翻扑的特技功夫是无人与之匹敌的。他演戏不但应付自如，还发扬了他的革新精神。范宝亭有很多弟子，最知名的是刘奎官，厉慧良、景荣庆等也曾受教于他。,,
162,163,162,,徐士英,,英雄类,净,武净,艳阳楼,拿高登、大破仙人担,水浒传,钱宝森,中文,高登,碎脸,勾脸,,绿色,,刀眉,环眼窝,胆形,碎鼻窝,虎嘴,,,,jpg,412,502,48.2,150,150,24,2020.1.5,,,,,
163,164,163,,倪荣,,英雄类,净,武净,打渔杀家,庆顶珠、讨渔税,水浒后传,侯喜瑞,中文,萧恩,碎脸,勾脸,,绿色,,钩眉,环眼窝,胆形,碎鼻窝,,,,,jpg,412,502,48.1,150,150,24,2020.1.5,,,侯喜瑞（1892年2月23日-1983年2月22日），京剧净角。幼入富连成科班，先学梆子老生，后师从韩乐卿学架子花脸和武花脸戏。出科后拜黄润甫为师，颇得真传，并在严承师教基础上，根据自身条件扬长避短，形成新的艺术风格“侯派”，与金少山、郝寿臣三足鼎立。侯喜瑞虽然嗓音较哑，但字准音足，听起来简练隽永，字字入耳。早年在富连成社担任武生净行教师，晚年在中国戏曲学院、北京市戏曲学校任教。,,
164,165,164,,时迁,鼓上蚤,英雄类,丑,,雁翎甲,时迁盗甲,水浒传,王长林,中文,汤隆,筝形脸,勾脸,,,,,,,,,,,,jpg,412,502,38.2,150,150,24,2020.1.5,,,,,
165,166,165,,高登,,英雄类,净,武净,艳阳楼,拿高登、大破仙人担,水浒传,杨小楼,中文,徐士英,三块瓦脸,勾脸,,油白色,,螳螂眉,尖眼窝,随意形,尖鼻窝,,,,,jpg,412,502,40.6,150,150,24,2020.1.5,,,杨小楼（1878年-1938年），名三元，安徽怀宁人，京剧武生演员，有“武生宗师”的盛誉。自幼入小荣椿社学艺，工武生。十七岁出科后，拜俞菊笙为师，又得谭鑫培等名家指点。杨小楼嗓音清脆洪亮，唱念均遵“奎派”风范，咬字清楚真切，间有京音，行腔朴直无华。在艺术上继承家学，同时博采众长，逐渐形成独树一帜的“杨派”。武打步法准确灵敏，无空招废式，贴切地表现人物的性格，着力体现意境，追求神似，也即“武戏文唱”的杨派特点。,,
166,167,166,,董超,,,丑,,野猪林,英雄血泪图、山神庙,水浒传,,中文,,,,,,,,,,,,,,,jpg,412,502,45.2,150,150,24,2020.1.5,,,,,
167,168,167,,高俅,高太尉,将官类,净,副净,野猪林,英雄血泪图、山神庙,水浒传,侯喜瑞,中文,鲁智深,整脸,勾脸,,油白色,,本眉,奸眼窝,,尖鼻窝,,,,,jpg,412,502,37.9,150,150,24,2020.1.5,,,,,
168,169,168,,薛霸,,,丑,,野猪林,英雄血泪图、山神庙,水浒传,,中文,,,,,,,,,,,,,,,jpg,412,502,40.3,150,150,24,2020.1.5,,,,,
169,170,169,,哈迷蚩,,,丑,,潞安州,,,,中文,,,,,,,,,,,,,,,jpg,412,502,33.6,150,150,24,2020.1.5,,,,,
170,171,170,,金蝉子,,将官类,净,武净,锤震金蝉子,,说岳全传,,中文,,碎脸,勾法,,黑色、金色,,,,圆形,碎鼻窝,火盆嘴,,,,jpg,412,502,45.3,150,150,24,2020.1.5,,,,,
171,172,171,,柴桂,小梁王,将官类,净,武净,求贤鉴,枪挑小梁王、牟驼岗,说岳全传,,中文,,三块瓦脸,勾法,,白色,,刀眉,尖眼窝,立柱纹,尖鼻窝,,,,,jpg,412,502,38,150,150,24,2020.1.5,,,,,
172,173,172,,黑风利,,将官类,净,武净,挑滑车,挑华车、牛头山,说岳全传,杨春龙,中文,高宠,整脸,揉脸,,黑色,,本眉,,随意形,,,,,,jpg,412,502,34.1,150,150,24,2020.1.5,,,,,
173,174,173,,牛皋,,将官类,净,副净,藕塘关,飞虎梦、牛皋招亲,说岳全传,郝寿臣,中文,戚赛玉,十字门脸,勾脸,,黑色,,柳叶眉,环眼窝,立柱纹,笑鼻窝,,,,,jpg,412,502,39.4,150,150,24,2020.1.5,,,郝寿臣（1886年-1961年），著名京剧表演艺术家、教育家，工架子花脸。原籍河北香河，幼年随父迁京，从师吕福善、唐永常、朱子久、阎宝恒等学艺。郝寿臣融金秀山铜锤与黄润甫架子两家艺术于一炉，唱念上自成一格，创成被誉为“架子花脸铜锤唱”的郝派艺术。他以气魄取胜，唱念韵味浑厚，工架凝练，表演浑然一体。他艺术态度严谨，善于刻画人物，数十年艺术生涯中，在220余个剧目中扮演过160多个主要和次要角色。与侯喜瑞、金少山并称“净行三杰”。,,
174,175,174,,何元庆,,将官类,净,武净,八大锤,断臂说书、车轮大战、朱仙镇、牛头山,说岳全传,高雪樵,中文,狄雷,花三块瓦脸,勾脸,,红色,,钩眉,垂眼窝,胆形,碎鼻窝,吊死鬼嘴,,,,jpg,412,502,48.8,150,150,24,2020.1.5,,,高雪樵（1912年-1978年），河北武清人，京剧武生。自幼随父高俊亭、兄高月秋在北京学京剧武生，随父兄到东北沈阳等地搭班演出。20世纪30年代初搭班去海参崴演出，颇受欢迎。又到上海，在天蟾逸夫舞台、黄金大戏院、中国大戏院搭班演出。20世纪40年代后期自己挑梁组班。高雪樵博采众家之长，艺术日益精进。,,
175,176,175,,狄雷,,将官类,净,武净,八大锤,断臂说书、车轮大战、朱仙镇、牛头山,说岳全传,侯喜瑞,中文,何元庆,碎脸,勾脸,,黑色,,红黄眉,,胆形,碎鼻窝,虎嘴,,,,jpg,412,502,43.7,150,150,24,2020.1.5,,,侯喜瑞（1892年2月23日-1983年2月22日），京剧净角。幼入富连成科班，先学梆子老生，后师从韩乐卿学架子花脸和武花脸戏。出科后拜黄润甫为师，颇得真传，并在严承师教基础上，根据自身条件扬长避短，形成新的艺术风格“侯派”，与金少山、郝寿臣三足鼎立。侯喜瑞虽然嗓音较哑，但字准音足，听起来简练隽永，字字入耳。早年在富连成社担任武生净行教师，晚年在中国戏曲学院、北京市戏曲学校任教。,,
176,177,176,,兀术,金兀术,将官类,净,武净,八大锤,断臂说书、车轮大战、朱仙镇、牛头山,说岳全传,钱金福,中文,陆文龙,三块瓦脸,勾脸,,金色,,,,圆形,碎鼻窝,火盆嘴,,,,jpg,412,502,44.8,150,150,24,2020.1.5,,,,,
177,178,177,,李庭芝,,将官类,净,副净,正气歌,,,郝寿臣,中文,文天祥,元宝脸,勾脸,,红色,,红色眉,垂眼窝,胆形,满鼻窝,,,,,jpg,412,502,36.9,150,150,24,2020.1.5,,,郝寿臣（1886年-1961年），著名京剧表演艺术家、教育家，工架子花脸。原籍河北香河，幼年随父迁京，从师吕福善、唐永常、朱子久、阎宝恒等学艺。郝寿臣融金秀山铜锤与黄润甫架子两家艺术于一炉，唱念上自成一格，创成被誉为“架子花脸铜锤唱”的郝派艺术。他以气魄取胜，唱念韵味浑厚，工架凝练，表演浑然一体。他艺术态度严谨，善于刻画人物，数十年艺术生涯中，在220余个剧目中扮演过160多个主要和次要角色。与侯喜瑞、金少山并称“净行三杰”。,,
178,179,178,,金眼僧,,将官类,净,武净,二龙山,,水浒传,通用,中文,银眼僧,僧道脸,勾脸,,红色,,螳螂眉,腰子眼窝,舍利子形,碎鼻窝,,,,,jpg,412,502,41.4,150,150,24,2020.1.5,,,,,
179,180,179,,伯颜,,将官类,净,副净,正气歌,,,周信芳,中文,文天祥,花三块瓦脸,勾脸,,灰色,,奸眉,大奸眼窝,随意形,尖鼻窝,,,,,jpg,412,502,36.2,150,150,24,2020.1.5,,,,,
180,181,180,,银眼僧,,将官类,净,武净,二龙山,,水浒传,通用,中文,金眼僧,僧道脸,勾脸,,蓝色,,钩眉,腰子眼窝,舍利子形,碎鼻窝,火盆嘴,,,,jpg,412,502,43.3,150,150,24,2020.1.5,,,,,
181,182,181,,沐英,,将官类,净,武净,取金陵,凤吉公主,明英烈,钱金福,中文,赤福寿,三块瓦脸,勾脸,,黄色,,刀眉,花眼窝,如意钩形,碎鼻窝,火盆嘴,,,,jpg,412,502,46.3,150,150,24,2020.1.5,,,,,
182,183,182,,徐延昭,,将官类,净,正净,大保国,大探二、龙凤阁,,郝寿臣,中文,杨波,六分脸,勾脸,,红色,,点眉,,立柱纹,,,,,,jpg,412,502,33.7,150,150,24,2020.1.5,,,郝寿臣（1886年-1961年），著名京剧表演艺术家、教育家，工架子花脸。原籍河北香河，幼年随父迁京，从师吕福善、唐永常、朱子久、阎宝恒等学艺。郝寿臣融金秀山铜锤与黄润甫架子两家艺术于一炉，唱念上自成一格，创成被誉为“架子花脸铜锤唱”的郝派艺术。他以气魄取胜，唱念韵味浑厚，工架凝练，表演浑然一体。他艺术态度严谨，善于刻画人物，数十年艺术生涯中，在220余个剧目中扮演过160多个主要和次要角色。与侯喜瑞、金少山并称“净行三杰”。,,
183,184,183,,蒋忠,,将官类,净,武净,百凉楼,火烧百凉楼、兴隆会、乱石山、常遇春救驾,明英烈,殷斌奎,中文,朱元璋,碎脸,勾脸,,黑色,,红色眉,花眼窝,钱形,碎鼻窝,,,,,jpg,412,502,41.8,150,150,24,2020.1.5,,,,,
184,185,184,,赤福寿,,将官类,净,副净,取金陵,凤吉公主,明英烈,钱金福,中文,沐英,三块瓦脸,勾脸,,红色,,刀眉,尖眼窝,线形,尖鼻窝,,,,,jpg,412,502,36.7,150,150,24,2020.1.5,,,,,
185,186,185,,完颜龙,,将官类,净,武净,串龙珠,反徐州、五红图、徐州堂、徐州革命,,郝寿臣,中文,完颜图,碎脸,勾脸,,红色,,奸眉,花眼窝,蝙蝠形,碎鼻窝,,,,,jpg,412,502,44.6,150,150,24,2020.1.5,,,郝寿臣（1886年-1961年），著名京剧表演艺术家、教育家，工架子花脸。原籍河北香河，幼年随父迁京，从师吕福善、唐永常、朱子久、阎宝恒等学艺。郝寿臣融金秀山铜锤与黄润甫架子两家艺术于一炉，唱念上自成一格，创成被誉为“架子花脸铜锤唱”的郝派艺术。他以气魄取胜，唱念韵味浑厚，工架凝练，表演浑然一体。他艺术态度严谨，善于刻画人物，数十年艺术生涯中，在220余个剧目中扮演过160多个主要和次要角色。与侯喜瑞、金少山并称“净行三杰”。,,
186,187,186,,娄阿鼠,,,丑,,十五贯,,,,中文,,,,,,,,,,,,,,,jpg,412,502,34,150,150,24,2020.1.5,,,,,
187,188,187,,颜佩韦,,英雄类,净,副净,五人义,反苏州、看看苏州人、倒精忠,精忠谱,刘砚亭,中文,毛一鹭,三块瓦脸,勾脸,,白色,,刀眉,直眼窝,锥形,卷鼻窝,,,,,jpg,412,502,35.4,150,150,24,2020.1.5,,,刘砚亭(1891-1965)，北京人，优秀的京剧武净演员，京剧老生刘砚芳之兄。15岁时，入平科班坐科，学习京剧花脸，至21岁出科。出科后，随杨小楼演出，多饰演配角，逐渐声名鹊起。刘砚亭师承钱金福先生，极大的继承了许多优秀的钱派剧目，凭借着极高的艺术天赋和浓厚的嗓音，得到了京剧同行的广泛认可。刘砚亭为人尊师重道，代替年事已高的钱金福演出大量优秀的作品。,,
188,189,188,,花云母,,平民类,旦,老旦,串龙珠,反徐州、五红图、徐州堂、徐州革命,,,中文,,,,,,,本眉,,,,元宝嘴,,,,jpg,412,502,41.7,150,150,24,2020.1.5,,,,,
189,190,189,,李七,,英雄类,净,副净,李七长亭,审李七、白绫记、赛太岁、碧阳湖,,郝寿臣,中文,王良,歪脸,勾脸,,黑色,,刀眉,直眼窝,疤痕形,歪鼻窝,,,,,jpg,412,502,45,150,150,24,2020.1.5,,,郝寿臣（1886年-1961年），著名京剧表演艺术家、教育家，工架子花脸。原籍河北香河，幼年随父迁京，从师吕福善、唐永常、朱子久、阎宝恒等学艺。郝寿臣融金秀山铜锤与黄润甫架子两家艺术于一炉，唱念上自成一格，创成被誉为“架子花脸铜锤唱”的郝派艺术。他以气魄取胜，唱念韵味浑厚，工架凝练，表演浑然一体。他艺术态度严谨，善于刻画人物，数十年艺术生涯中，在220余个剧目中扮演过160多个主要和次要角色。与侯喜瑞、金少山并称“净行三杰”。,,
190,191,190,,贾桂,,将官类,丑,武丑,法门寺,双姣奇缘、郿坞县、朱砂井,,茹富蕙,中文,,窝头脸,勾脸,,,,随意眉,,,,撇嘴,,,,jpg,412,502,31.3,150,150,24,2020.1.5,,,,,
191,192,191,,刘彪,,平民类,净,副净,法门寺,双姣奇缘、郿坞县、朱砂井,,侯喜瑞,中文,刘瑾,元宝类,勾脸,,,,凝眉,鸟眼窝,随意形,歪鼻窝,,,,,jpg,412,502,37.6,150,150,24,2020.1.5,,,侯喜瑞（1892年2月23日-1983年2月22日），京剧净角。幼入富连成科班，先学梆子老生，后师从韩乐卿学架子花脸和武花脸戏。出科后拜黄润甫为师，颇得真传，并在严承师教基础上，根据自身条件扬长避短，形成新的艺术风格“侯派”，与金少山、郝寿臣三足鼎立。侯喜瑞虽然嗓音较哑，但字准音足，听起来简练隽永，字字入耳。早年在富连成社担任武生净行教师，晚年在中国戏曲学院、北京市戏曲学校任教。,,
192,193,192,,刘瑾,,将官类,净,副净,法门寺,双姣奇缘、郿坞县、朱砂井,,钱金福,中文,刘彪,太监脸,勾脸,,红色,,柳叶眉,尖眼窝,圆形,,菱角嘴,,,,jpg,412,502,39.7,150,150,24,2020.1.5,,,,,
193,194,193,,刘禄敬,,,丑,,小上坟,,,,中文,,,,,,,,,,,,,,,jpg,412,502,35.5,150,150,24,2020.1.5,,,,,
194,195,194,,沈燕林,,,丑,,玉堂春,,,,中文,,,,,,,,,,,,,,,jpg,412,502,36.2,150,150,24,2020.1.5,,,,,
195,196,195,,本无,,,丑,,思凡下山,,,,中文,,,,,,,,,,,,,,,jpg,412,502,34.1,150,150,24,2020.1.5,,,,,
196,197,196,,德禄,,,丑,,御碑亭,,,,中文,,,,,,,,,,,,,,,jpg,412,502,32.8,150,150,24,2020.1.5,,,,,
197,198,197,,刘宗敏,,将官类,净,武净,闯王旗,,李自成,马连良,中文,郝摇旗,三块瓦脸,勾脸,,红色,,刀眉,垂眼窝,胆形,卷鼻窝,,,,,jpg,412,502,41,150,150,24,2020.1.5,,,,,
198,199,198,,崇公道,,,丑,,女起解,,,,中文,,,,,,,,,,,,,,,jpg,412,502,36.8,150,150,24,2020.1.5,,,,,
199,200,199,,郝摇旗,郝永忠,将官类,净,武净,闯王旗,,李自成,袁世海,中文,刘宗敏,整脸,抹脸,,红色,,直眉,垂眼窝,线形,满鼻窝,,,,,jpg,412,502,40.3,150,150,24,2020.1.5,,,,,
200,201,200,,夏副将,,将官类,净,武净,白水滩,捉拿青面虎,通天犀传奇,侯喜瑞,中文,青面虎,三块瓦脸,勾脸,,白色,,刀眉,大奸眼窝,如意钩形,尖鼻窝,,,,,jpg,412,502,34.4,150,150,24,2020.1.5,,,侯喜瑞（1892年2月23日-1983年2月22日），京剧净角。幼入富连成科班，先学梆子老生，后师从韩乐卿学架子花脸和武花脸戏。出科后拜黄润甫为师，颇得真传，并在严承师教基础上，根据自身条件扬长避短，形成新的艺术风格“侯派”，与金少山、郝寿臣三足鼎立。侯喜瑞虽然嗓音较哑，但字准音足，听起来简练隽永，字字入耳。早年在富连成社担任武生净行教师，晚年在中国戏曲学院、北京市戏曲学校任教。,,
201,202,201,,贺天龙,,将官类,净,武净,连环套,盗御马,施公案,刘砚亭,中文,贺天彪,三块瓦脸,勾脸,,紫红色,,刀眉,尖眼窝,螺形,尖鼻窝,,,,,jpg,412,502,39.1,150,150,24,2020.1.5,,,刘砚亭(1891-1965)，北京人，优秀的京剧武净演员，京剧老生刘砚芳之兄。15岁时，入平科班坐科，学习京剧花脸，至21岁出科。出科后，随杨小楼演出，多饰演配角，逐渐声名鹊起。刘砚亭师承钱金福先生，极大的继承了许多优秀的钱派剧目，凭借着极高的艺术天赋和浓厚的嗓音，得到了京剧同行的广泛认可。刘砚亭为人尊师重道，代替年事已高的钱金福演出大量优秀的作品。,,
202,203,202,,贺天彪,,将官类,净,武净,连环套,盗御马,施公案,刘砚亭,中文,贺天龙,碎脸,勾脸,,绿色,,红黄眉,,,碎鼻窝,火盆嘴,,,,jpg,412,502,43.4,150,150,24,2020.1.5,,,刘砚亭(1891-1965)，北京人，优秀的京剧武净演员，京剧老生刘砚芳之兄。15岁时，入平科班坐科，学习京剧花脸，至21岁出科。出科后，随杨小楼演出，多饰演配角，逐渐声名鹊起。刘砚亭师承钱金福先生，极大的继承了许多优秀的钱派剧目，凭借着极高的艺术天赋和浓厚的嗓音，得到了京剧同行的广泛认可。刘砚亭为人尊师重道，代替年事已高的钱金福演出大量优秀的作品。,,
203,204,203,,窦尔敦,铁罗汉,英雄类,净,副净,连环套,盗御马,施公案,裘盛戎,中文,巴永泰,花三块瓦脸,勾脸,,蓝色,,钩眉,垂眼窝,胆形,碎鼻窝,,,,,jpg,412,502,45.1,150,150,24,2020.1.5,,,,,
204,205,204,,郝文僧,,英雄类,净,武净,东昌府,拿郝文僧,施公案,侯喜瑞,中文,施世纶,僧道脸,勾脸,,白色,,蝙蝠眉,腰子眼窝,舍利子形,,吊死鬼嘴,,,,jpg,412,502,39.1,150,150,24,2020.1.5,,,侯喜瑞（1892年2月23日-1983年2月22日），京剧净角。幼入富连成科班，先学梆子老生，后师从韩乐卿学架子花脸和武花脸戏。出科后拜黄润甫为师，颇得真传，并在严承师教基础上，根据自身条件扬长避短，形成新的艺术风格“侯派”，与金少山、郝寿臣三足鼎立。侯喜瑞虽然嗓音较哑，但字准音足，听起来简练隽永，字字入耳。早年在富连成社担任武生净行教师，晚年在中国戏曲学院、北京市戏曲学校任教。,,
205,206,205,,谢虎,一枝桃,英雄类,净,武净,鄚州庙,拿谢虎，访拿一枝桃,施公案,韩乐卿,中文,黄天霸,花三块瓦脸,勾脸,,蓝色,,柳叶眉,大奸眼窝,桃形,尖鼻窝,虎嘴,,,,jpg,412,502,40.5,150,150,24,2020.1.5,,,,,
206,207,206,,金大力,,将官类,净,武净,叭蜡庙,招贤镇、水龙窝、拿费德功,施公案,金少山,中文,王殿臣,整脸,揉脸,,红色,,本眉,,随意形,,,,,,jpg,412,502,36.5,150,150,24,2020.1.5,,,金少山（1890年-1948年8月13日），一说作仲义，又名少山。满族，北京人，京剧净行演员，京剧名净金秀山三子。幼年从父学艺，工铜锤花脸，兼宗何桂山。同时，他从韩乐卿习练武功把子，后拜德珺如为师学架子花脸戏。由于金少山学艺众多，天赋优厚，声音洪亮，在方方面面皆都具备，其艺术风格已经不仅限于父亲金秀山的“金派”范围。他通过发挥自身条件，将净角艺术提高到一个新的高度，形成了自己的流派“新金派”。,,
207,208,207,,朱光祖,,将官类,丑,武丑,连环套,盗御马,施公案,王福山,中文,,枣核脸,勾脸,,,,,,,,,,,,jpg,412,502,33.6,150,150,24,2020.1.5,,,,,
208,209,208,,濮大勇,,英雄类,净,武净,九龙杯,贺龙衣、庆贺黄马褂、紫霞庄,彭公案,通用,中文,黄三泰,碎脸,勾脸,,红色,,花眉,花眼窝,如意钩形,碎鼻窝,,,,,jpg,412,502,42,150,150,24,2020.1.5,,,,,
209,210,209,,黄三泰,黄三太,英雄类,净,武净,九龙杯,贺龙衣、庆贺黄马褂、紫霞庄,彭公案,尚和玉,中文,濮大勇,三块瓦脸,勾脸,,粉色,,钩眉,老眼窝,蝙蝠形,灰鼻窝,,,,,jpg,412,502,37,150,150,24,2020.1.5,,,,,
210,211,210,,何路通,,英雄类,净,武净,落马湖,望江居、拿李佩,施公案,范宝亭,中文,李佩,碎脸,勾脸,,黄色,,刀眉,,随意形,碎鼻窝,,,,,jpg,412,502,44,150,150,24,2020.1.5,,,范宝亭（1887年-1944年2月7日），北京人，著名京剧武净。科班出身，自幼坐科福寿班，和许德义同门。任荣春社教师、中华戏曲专科学校净行教师。范宝亭戏路极广，能演长靠戏、短打戏，经常参加名演员创演的新戏。范宝亭的跌打翻扑的特技功夫是无人与之匹敌的。他演戏不但应付自如，还发扬了他的革新精神。范宝亭有很多弟子，最知名的是刘奎官，厉慧良、景荣庆等也曾受教于他。,,
211,212,211,,黄隆基,,英雄类,净,武净,霸王庄,英雄反正、拿黄隆基,施公案,钱金福,中文,罗四虎,花三块瓦脸,勾脸,,蓝色,,钩眉,花眼窝,胆形,碎鼻窝,,,,,jpg,412,502,45.5,150,150,24,2020.1.5,,,,,
212,213,212,,巴永泰,,将官类,净,武净,连环套,盗御马,施公案,通用,中文,窦尔敦,三块瓦脸,勾脸,,红色,,刀眉,直眼窝,圆形,满鼻窝,,,,,jpg,412,502,37.2,150,150,24,2020.1.5,,,,,
213,214,213,,焦振远,,英雄类,净,武净,剑峰山,拿焦振远、五老会、五鬼一条龙,彭公案,裘盛戎,中文,张耀宗,三块瓦脸,勾脸,,蓝色,,螳螂眉,老眼窝,随意形,尖鼻窝,,,,,jpg,412,502,41,150,150,24,2020.1.5,,,,,
214,215,214,,花德雷,,英雄类,净,武净,溪皇庄,大溪皇庄 、拿花德雷,彭公案,侯喜瑞,中文,彭鹏,三块瓦脸,勾脸,,白色,,凝眉,环眼窝,蝙蝠形,笑鼻窝,,,,,jpg,412,502,53.2,150,150,24,2020.1.5,,此剧见《彭公案》第八十八至九十三回。传统京剧剧目，该剧剧情：溪皇庄土豪花德雷与采花蜂尹亮为友，采花害命。彭朋私访，为花识破，押禁土牢。徐胜、刘芳四处寻访，遇镖客诸彪及贾亮，定计各携妻女，乔装卖艺人，乘花庆寿时混入，救出彭朋，力擒花德雷。,侯喜瑞（1892年2月23日-1983年2月22日），京剧净角。幼入富连成科班，先学梆子老生，后师从韩乐卿学架子花脸和武花脸戏。出科后拜黄润甫为师，颇得真传，并在严承师教基础上，根据自身条件扬长避短，形成新的艺术风格“侯派”，与金少山、郝寿臣三足鼎立。侯喜瑞虽然嗓音较哑，但字准音足，听起来简练隽永，字字入耳。早年在富连成社担任武生净行教师，晚年在中国戏曲学院、北京市戏曲学校任教。,,
215,216,215,,武天虬,,英雄类,净,武净,恶虎村,江都县、三义绝交、三雄绝义,施公案,许德义,中文,濮天雕,花三块瓦脸,勾脸,,绿色,,钩眉,花眼窝,如意钩形,碎鼻窝,,,,,jpg,412,502,41.5,150,150,24,2020.1.5,,,许德义（1886年-1944年），名全增，北京人，京剧武净演员。其父为“奎派”老生许荫棠。自幼坐科福寿科班，工武净，拜前辈武净范福泰为师，与范福泰之子范宝亭是师兄弟。出科后，他为杨小楼的得力配角。许德义武功基础磁实，长靠短打皆精，以勇猛见长，英气勃勃，颇有大将风度。其为人直爽性格倔强，对艺术极端负责，台上从不懈怠，全力以赴。如有演出瑕疵，都会引起他深深的自责，“许德义自责”逐渐传为梨园佳话。,,
216,217,216,,李佩,,英雄类,净,武净,落马湖,望江居、拿李佩,施公案,钱金福,中文,何路通,三块瓦脸,勾脸,,紫红色,,奸眉,尖眼窝,圆形,卷鼻窝,,,,,jpg,412,502,35.6,150,150,24,2020.1.5,,,,,
217,218,217,,蔡天化,,英雄类,净,武净,淮安府,拿蔡天化、双盗印、北极观,施公案,侯喜瑞,中文,黄天霸,僧道脸,勾脸,,油白色,,棒槌眉,尖眼窝,舍利子形,笑鼻窝,,,,,jpg,412,502,35.6,150,150,24,2020.1.5,,,侯喜瑞（1892年2月23日-1983年2月22日），京剧净角。幼入富连成科班，先学梆子老生，后师从韩乐卿学架子花脸和武花脸戏。出科后拜黄润甫为师，颇得真传，并在严承师教基础上，根据自身条件扬长避短，形成新的艺术风格“侯派”，与金少山、郝寿臣三足鼎立。侯喜瑞虽然嗓音较哑，但字准音足，听起来简练隽永，字字入耳。早年在富连成社担任武生净行教师，晚年在中国戏曲学院、北京市戏曲学校任教。,,
218,219,218,,邓九公,邓总兵,英雄类,净,副净,十三妹,悦来店,儿女英雄传,郝寿臣,中文,何玉凤,三块瓦脸,勾脸,,粉红色,,直眉,老眼窝,,满鼻窝,,,,,jpg,412,502,32.6,150,150,24,2020.1.5,,,郝寿臣（1886年-1961年），著名京剧表演艺术家、教育家，工架子花脸。原籍河北香河，幼年随父迁京，从师吕福善、唐永常、朱子久、阎宝恒等学艺。郝寿臣融金秀山铜锤与黄润甫架子两家艺术于一炉，唱念上自成一格，创成被誉为“架子花脸铜锤唱”的郝派艺术。他以气魄取胜，唱念韵味浑厚，工架凝练，表演浑然一体。他艺术态度严谨，善于刻画人物，数十年艺术生涯中，在220余个剧目中扮演过160多个主要和次要角色。与侯喜瑞、金少山并称“净行三杰”。,,
219,220,219,,郎如豹,,英雄类,净,武净,李海坞,里海坞、拿郎如豹,施公案,侯喜瑞,中文,黄天霸,三块瓦脸,勾脸,,灰色,,棒槌眉,大奸眼窝,线形,碎鼻窝,,,,,jpg,412,502,40.4,150,150,24,2020.1.5,,,侯喜瑞（1892年2月23日-1983年2月22日），京剧净角。幼入富连成科班，先学梆子老生，后师从韩乐卿学架子花脸和武花脸戏。出科后拜黄润甫为师，颇得真传，并在严承师教基础上，根据自身条件扬长避短，形成新的艺术风格“侯派”，与金少山、郝寿臣三足鼎立。侯喜瑞虽然嗓音较哑，但字准音足，听起来简练隽永，字字入耳。早年在富连成社担任武生净行教师，晚年在中国戏曲学院、北京市戏曲学校任教。,,
220,221,220,,窦虎,,英雄类,净,武净,叭蜡庙,招贤镇、水龙窝、拿费德功,施公案,通用,中文,米龙,歪脸,勾脸,,黄色,,凝眉,鸟眼窝,螺形,歪鼻窝,歪嘴,,,,jpg,412,502,47.7,150,150,24,2020.1.5,,,,,
221,222,221,,曹宝,纳珍天尊,神怪类,净,正净,天官赐福,大赐福,封神演义,钱金福,中文,萧升,元宝脸,勾脸,,红色,,柳叶眉,垂眼窝,,尖鼻窝,,,,,jpg,412,502,35,150,150,24,2020.1.5,,,,,
222,223,222,,亢金龙,李道通,神怪类,净,武净,琵琶洞,,西游记,通用,中文,昴日鸡,象形脸,勾脸,,黑色,,,,钱形,蒜头鼻窝,元宝嘴,,,,jpg,412,502,38.7,150,150,24,2020.1.5,,,,,
223,224,223,,王灵官,,神怪类,净,正净,泗州城,泗水城,,钱金福,中文,,整脸,揉脸,,红色,,卧蚕眉,丹凤眼窝,火焰形,满鼻窝,,,,,jpg,412,502,35.2,150,150,24,2020.1.5,,,,,
224,225,224,,昴日鸡,昴日星官,神怪类,净,武净,琵琶洞,,西游记,傅德威,中文,亢金龙,象形脸,勾脸,,红色,,钩眉,尖眼窝,火焰形,,雷公嘴,,,,jpg,412,502,47.1,150,150,24,2020.1.5,,,傅德威（1916年～1988年）北京人，京剧武生演员，他以长靠武生见长。1930年，考入中华戏曲专科学校第一班德字科，初习老生，由陈少五开蒙，后改武生，从沈三玉、丁永利、程永龙、钱富川学戏。1934年拜杨小楼为师，1941年拜入尚和玉门下。他自幼勤奋好学，刻苦研练，许多戏得自尚和玉亲传。1956年入中国戏曲学校为教师，还曾在北京市戏曲学校、上海市戏曲学校兼课，桃李遍于海内。,,
225,226,225,,玉帝,玉皇大帝,神怪类,净,副净,弼马温,,西游记,奚啸伯,中文,孙悟空,三块瓦脸,勾脸,,银色,,凝眉,直眼窝,,尖鼻窝,,,,,jpg,412,502,42.4,150,150,24,2020.1.5,,,,,
226,227,226,,李靖,李天王,神怪类,净,正净,安天会,闹天宫,西游记,钱金福,中文,孙悟空,三块瓦脸,勾脸,,红色,,刀眉,直眼窝,戟形,满鼻窝,,,,,jpg,412,502,38.6,150,150,24,2020.1.5,,,,,
227,228,227,,释迦摩尼,如来佛祖,神怪类,净,正净,真假美猴王,,西游记,通用,中文,大鹏,神仙脸,勾脸,,金色,,本眉,鸟眼窝,舍利子形,满鼻窝,,,,,jpg,412,502,43.1,150,150,24,2020.1.5,,,,,
228,229,228,,孙悟空,齐天大圣、孙行者,神怪类,生,武生,安天会,闹天宫,西游记,李万春,中文,释迦摩尼,象形脸,勾脸,,红色,,,圆眼窝,卍字形,蒜头鼻窝,雷公嘴,,,,jpg,412,502,43.4,150,150,24,2020.1.5,,,李万春（1911-1985），满洲正黄旗人，工老生、武生，著名京剧表演艺术家、戏曲艺术教育家。父亲李永利是著名武花脸演员，母亲李砚秀是京剧旦角演员。李万春自幼随父练功学戏。他除了接受家传外，其父广请名师授艺，先后受教于徐德增、于德智、崔凤鸣、项鼎新等老师，为他唱念功夫的发展起到了颇重要的奠基作用。李氏一家来到北京之后，余叔岩收李万春为义子，他边演出边广收博取，受到马连良、尚小云等名家的指导，文戏投师余叔岩，武戏投师杨小楼，两位大师认真传艺，宠爱极致，均收认他为螟蛉义子。,,
229,230,229,,赵天君,赵公明、赵玄坛,神怪类,净,正净,安天会,闹天宫,西游记,侯喜瑞,中文,温天君、马天君、刘天君,六分脸,勾脸,,黑色,,火焰眉,垂眼窝,眼形,,,,,,jpg,412,502,41.8,150,150,24,2020.1.5,,,侯喜瑞（1892年2月23日-1983年2月22日），京剧净角。幼入富连成科班，先学梆子老生，后师从韩乐卿学架子花脸和武花脸戏。出科后拜黄润甫为师，颇得真传，并在严承师教基础上，根据自身条件扬长避短，形成新的艺术风格“侯派”，与金少山、郝寿臣三足鼎立。侯喜瑞虽然嗓音较哑，但字准音足，听起来简练隽永，字字入耳。早年在富连成社担任武生净行教师，晚年在中国戏曲学院、北京市戏曲学校任教。,,
230,231,230,,温天君,,神怪类,净,武净,安天会,闹天宫,西游记,通用,中文,赵天君、马天君、刘天君,花三块瓦脸,勾脸,,绿色,,蝙蝠眉,,葫芦形,碎鼻窝,吊死鬼嘴,,,,jpg,412,502,45.7,150,150,24,2020.1.5,,,,,
231,232,231,,马天君,,神怪类,净,武净,安天会,闹天宫,西游记,通用,中文,赵天君、温天君、刘天君,三块瓦脸,勾脸,,白色,,云眉,尖眼窝,火焰形、眼形,尖鼻窝,,,,,jpg,412,502,36.7,150,150,24,2020.1.5,,,,,
232,233,232,,刘天君,,神怪类,净,武净,安天会,闹天宫,西游记,通用,中文,赵天君、文天君、马天君,三块瓦脸,勾脸,,红色,,直眉,直眼窝,火焰形,尖鼻窝,,,,,jpg,412,502,39.9,150,150,24,2020.1.5,,,,,
233,234,233,,巨灵神,,神怪类,净,武净,安天会,闹天宫,西游记,侯喜瑞,中文,孙悟空,象形脸,勾脸,,白色,,,,面形,蒜头鼻窝,元宝嘴,,,,jpg,412,502,40.6,150,150,24,2020.1.5,,,侯喜瑞（1892年2月23日-1983年2月22日），京剧净角。幼入富连成科班，先学梆子老生，后师从韩乐卿学架子花脸和武花脸戏。出科后拜黄润甫为师，颇得真传，并在严承师教基础上，根据自身条件扬长避短，形成新的艺术风格“侯派”，与金少山、郝寿臣三足鼎立。侯喜瑞虽然嗓音较哑，但字准音足，听起来简练隽永，字字入耳。早年在富连成社担任武生净行教师，晚年在中国戏曲学院、北京市戏曲学校任教。,,
234,235,234,,青龙,,神怪类,净,武净,安天会,闹天宫,西游记,通用,中文,白虎,象形脸,勾脸,,蓝色,,龙角眉,圆眼窝,火焰形,蒜头鼻窝,火盆嘴,,,,jpg,412,502,51.5,150,150,24,2020.1.5,,,,,
235,236,235,,杨戬,二郎神,神怪类,净,武净,安天会,闹天宫,西游记,范宝亭,中文,孙悟空,花三块瓦脸,勾脸,,金色,,刀眉,直眼窝,眼形,卷鼻窝,吊死鬼嘴,,,,jpg,412,502,44,150,150,24,2020.1.5,,,范宝亭（1887年-1944年2月7日），北京人，著名京剧武净。科班出身，自幼坐科福寿班，和许德义同门。任荣春社教师、中华戏曲专科学校净行教师。范宝亭戏路极广，能演长靠戏、短打戏，经常参加名演员创演的新戏。范宝亭的跌打翻扑的特技功夫是无人与之匹敌的。他演戏不但应付自如，还发扬了他的革新精神。范宝亭有很多弟子，最知名的是刘奎官，厉慧良、景荣庆等也曾受教于他。,,赵梦林《京剧脸谱》
236,237,236,,白虎,,神怪类,净,武净,安天会,闹天宫,西游记,通用,中文,青龙,象形脸,勾脸,,白色,,,大奸眼窝,王字形,蒜头鼻窝,元宝嘴,,,,jpg,412,502,44.6,150,150,24,2020.1.5,,,,,
237,238,237,,罗猴,,神怪类,净,武净,安天会,闹天宫,西游记,通用,中文,墨猴,象形脸,勾脸,,灰色,,,圆眼窝,,蒜头鼻窝,菱角嘴,,,,jpg,412,502,43.5,150,150,24,2020.1.5,,,,,
238,239,238,,墨猴,,神怪类,净,武净,安天会,闹天宫,西游记,通用,中文,罗猴,象形脸,勾脸,,黑色,,,圆眼窝,,,雷公嘴,,,,jpg,412,502,39.9,150,150,24,2020.1.5,,,,,
239,240,239,,通臂猿,,神怪类,净,副净,石猴出世,,西游记,通用,中文,孙悟空,象形脸,勾脸,,红色,,,圆眼窝,,,菱角嘴,,,,jpg,412,502,42.6,150,150,24,2020.1.5,,,,,
240,241,240,,白猿,,神怪类,净,武净,八仙斗白猿,,东游记,通用,中文,,象形脸,勾脸,,白色,,钩眉,,桃形,蒜头鼻窝,菱角嘴,,,,jpg,412,502,41,150,150,24,2020.1.5,,,,,
241,242,241,,天罡,,神怪类,净,副净,安天会,闹天宫,西游记,通用,中文,地煞,神仙脸,勾脸,,蓝色,,,,脸形,蒜头鼻窝,元宝嘴,,,,jpg,412,502,40.7,150,150,24,2020.1.5,,,,,
242,243,242,,煞神,,神怪类,净,武净,问樵闹府,琼林宴、打棍出箱,三侠五义,钱金福,中文,葛登云,碎脸,勾脸,,黑色,,螳螂眉,,火焰形,,火盆嘴,,,,jpg,412,502,48.4,150,150,24,2020.1.5,,,,,
243,244,243,,地煞,,神怪类,净,武净,安天会,闹天宫,西游记,通用,中文,天罡,神仙脸,勾脸,,黑色,,,垂眼窝,如意钩形,,吊死鬼嘴,,,,jpg,412,502,46.8,150,150,24,2020.1.5,,,,,
244,245,244,,雷公,雷神,神怪类,净,武净,安天会,闹天宫,西游记,通用,中文,电母,象形脸,勾脸,,蓝色,,狼牙眉,,舍利子形,,雷公嘴,,,,jpg,412,502,49.8,150,150,24,2020.1.5,,,,,
245,246,245,,牛魔王,混世魔王,神怪类,净,武净,芭蕉扇,白云洞、三借芭蕉扇,西游记,通用,中文,孙悟空,象形脸,勾脸,,金色,,牛角眉,大奸眼窝,火焰形,尖鼻窝,,,,,jpg,412,502,45.7,150,150,24,2020.1.5,,,,,
246,247,246,,猪八戒,猪悟能,神怪类,净,武净,高老庄,,西游记,王又宸,中文,孙悟空,象形脸,勾脸,,黑色,,,鸟眼窝,舍利子形,猪鼻窝,,,,,jpg,412,502,46.8,150,150,24,2020.1.5,,,,,
247,248,247,,沙僧,沙悟净,神怪类,净,武净,流沙河,收悟净,西游记,,中文,孙悟空,僧道脸,勾脸,,蓝色,,棒槌眉,腰子眼窝,舍利子形,笑鼻窝,,,,,jpg,412,502,42.6,150,150,24,2020.1.5,,,,,
248,249,248,,奎木狼,黄袍怪,神怪类,净,武净,黄袍怪,宝象国,西游记,通用,中文,孙悟空,象形脸,勾脸,,黄色,,,,,哭鼻窝,虎嘴,,,,jpg,412,502,46.4,150,150,24,2020.1.5,,,,,
249,250,249,,青狮,,神怪类,净,武净,狮驼岭,狮驼国,西游记,裘盛戎,中文,白象、大鹏,象形脸,勾脸,,绿色,,火焰眉,腰子眼窝,,蒜头鼻窝,元宝嘴,,,,jpg,412,502,42.1,150,150,24,2020.1.5,,,,,
250,251,250,,猫神,,神怪类,净,武净,无底洞,陷空山,西游记,朱斌仙,中文,李靖,象形脸,勾脸,,白色,,,圆眼窝,舍利子形,蒜头鼻窝,元宝嘴,,,,jpg,412,502,37.5,150,150,24,2020.1.5,,,,,
251,252,251,,白象,,神怪类,净,武净,狮驼岭,狮驼国,西游记,通用,中文,青狮、大鹏,象形脸,勾脸,,白色,,垂眉,,火焰形,象鼻窝,,,,,jpg,412,502,39,150,150,24,2020.1.5,,,,,
252,253,252,,金钱豹,,神怪类,净,武净,红梅山,金钱豹,西游记,傅德威,中文,孙悟空,象形脸,勾脸,,金色,,棒槌眉,,面形,,火盆嘴,,,,jpg,412,502,48.7,150,150,24,2020.1.5,,,傅德威（1916年～1988年）北京人，京剧武生演员，他以长靠武生见长。1930年，考入中华戏曲专科学校第一班德字科，初习老生，由陈少五开蒙，后改武生，从沈三玉、丁永利、程永龙、钱富川学戏。1934年拜杨小楼为师，1941年拜入尚和玉门下。他自幼勤奋好学，刻苦研练，许多戏得自尚和玉亲传。1956年入中国戏曲学校为教师，还曾在北京市戏曲学校、上海市戏曲学校兼课，桃李遍于海内。,,
253,254,253,,孔宣,,神怪类,净,武净,百草山,百鸟朝凤、锯大缸,太平御览,朱斌仙,中文,白日鹤、通雀鸟,象形脸,勾脸,,绿色,,,鸟眼窝,羽毛形,,雷公嘴,,,,jpg,412,502,50.2,150,150,24,2020.1.5,,,,,
254,255,254,,白日鹤,,神怪类,净,武净,百草山,百鸟朝凤、锯大缸,太平御览,通用,中文,通雀鸟,象形脸,勾脸,,白色,,螳螂眉,鸟眼窝,火焰形,,雷公嘴,,,,jpg,412,502,40.2,150,150,24,2020.1.5,,,,,
255,256,255,,通雀鸟,,神怪类,净,武净,百草山,百鸟朝凤、锯大缸,太平御览,通用,中文,白日鹤,象形脸,勾脸,,红色,,云眉,,火焰形,蒜头鼻窝,雷公嘴,,,,jpg,412,502,44.8,150,150,24,2020.1.5,,,,,
256,257,256,,大鹏,金翅大鹏雕,神怪类,净,武净,狮驼岭,狮驼国,西游记,李万春,中文,青狮、白象,象形脸,勾脸,,绿色,,红黄眉,,舍利子形,,雷公嘴,,,,jpg,412,502,44,150,150,24,2020.1.5,,,李万春（1911-1985），满洲正黄旗人，工老生、武生，著名京剧表演艺术家、戏曲艺术教育家。父亲李永利是著名武花脸演员，母亲李砚秀是京剧旦角演员。李万春自幼随父练功学戏。他除了接受家传外，其父广请名师授艺，先后受教于徐德增、于德智、崔凤鸣、项鼎新等老师，为他唱念功夫的发展起到了颇重要的奠基作用。李氏一家来到北京之后，余叔岩收李万春为义子，他边演出边广收博取，受到马连良、尚小云等名家的指导，文戏投师余叔岩，武戏投师杨小楼，两位大师认真传艺，宠爱极致，均收认他为螟蛉义子。,,
257,258,257,,敖广,东海龙王,神怪类,净,副净,水帘洞,花果山、美猴王、闹龙宫,西游记,刘砚亭,中文,敖闰,三块瓦脸,勾脸,,白色,,直眉,老眼窝,火焰形,尖鼻窝,,,,,jpg,412,502,34.1,150,150,24,2020.1.5,,,刘砚亭(1891-1965)，北京人，优秀的京剧武净演员，京剧老生刘砚芳之兄。15岁时，入平科班坐科，学习京剧花脸，至21岁出科。出科后，随杨小楼演出，多饰演配角，逐渐声名鹊起。刘砚亭师承钱金福先生，极大的继承了许多优秀的钱派剧目，凭借着极高的艺术天赋和浓厚的嗓音，得到了京剧同行的广泛认可。刘砚亭为人尊师重道，代替年事已高的钱金福演出大量优秀的作品。,,
258,259,258,,虾将,,神怪类,净,武净,水帘洞,花果山、美猴王、闹龙宫,西游记,通用,中文,敖广,小妖脸,勾脸,,蓝色,,,,,蒜头鼻窝,撇嘴,,,,jpg,412,502,48.9,150,150,24,2020.1.5,,,,,
259,260,259,,敖闰,西海龙王,神怪类,净,副净,水帘洞,花果山、美猴王、闹龙宫,西游记,刘砚亭,中文,敖广,三块瓦脸,勾脸,,蓝色,,直眉,老眼窝,火焰形,灰鼻窝,,,,,jpg,412,502,37.6,150,150,24,2020.1.5,,,刘砚亭(1891-1965)，北京人，优秀的京剧武净演员，京剧老生刘砚芳之兄。15岁时，入平科班坐科，学习京剧花脸，至21岁出科。出科后，随杨小楼演出，多饰演配角，逐渐声名鹊起。刘砚亭师承钱金福先生，极大的继承了许多优秀的钱派剧目，凭借着极高的艺术天赋和浓厚的嗓音，得到了京剧同行的广泛认可。刘砚亭为人尊师重道，代替年事已高的钱金福演出大量优秀的作品。,,
260,261,260,,龟帅,龟丞相,神怪类,丑,文丑,水帘洞,花果山、美猴王、闹龙宫,西游记,,中文,,,,,,,,,,,,,,,jpg,412,502,32.6,150,150,24,2020.1.5,,,,,
261,262,261,,北斗星君,,神怪类,净,正净,百寿图,赵颜求寿、赵颜借寿、南北斗,搜神记,韩乐卿,中文,赵颜,三块瓦脸,勾脸,,红色,,直眉,直眼窝,北斗图,圆鼻窝,,,,,jpg,412,502,38.7,150,150,24,2020.1.5,,,,,
262,263,262,,汉钟离,钟离权,神怪类,净,副净,八仙过海,八仙漂海、蟠桃会,东游记,通用,中文,柳金,神仙脸,勾脸,,红色,,金色眉,垂眼窝,桃形,碎鼻窝,,,,,jpg,412,502,42.6,150,150,24,2020.1.5,,,,,
263,264,263,,柳金,柳仙,神怪类,净,武净,八仙过海,八仙漂海、蟠桃会,东游记,通用,中文,汉钟离,碎脸,勾脸,,绿色、金色,,红色眉,大奸眼窝,火焰形,碎鼻窝,火盆嘴,,,,jpg,412,502,43.6,150,150,24,2020.1.5,,,,,
264,265,264,,玉兔,,神怪类,净,副净,嫦娥奔月,,淮南子,通用,中文,后羿,象形脸,勾脸,,白色,,云眉,圆眼窝,,蒜头鼻窝,菱角嘴,,,,jpg,412,502,32.6,150,150,24,2020.1.5,,,,,
265,266,265,,赖团仙,,神怪类,净,武净,五花洞,三矮奇闻、真假潘金莲,混元盒,洪德佑,中文,金头仙、蝎仙,象形脸,勾脸,,绿色,,红色眉,,蛤蟆形,,元宝嘴,,,,jpg,412,502,43.3,150,150,24,2020.1.5,,,,,
266,267,266,,金头仙,蜈蚣精,神怪类,净,武净,五花洞,三矮奇闻、真假潘金莲,混元盒,洪德佑,中文,赖团仙、蝎仙,象形脸,勾脸,,蓝色、金色,,,,蜈蚣形,转鼻窝,,,,,jpg,412,502,48.2,150,150,24,2020.1.5,,,,,
267,268,267,,哮天犬,,神怪类,净,武净,安天会,闹天宫,西游记,通用,中文,杨戬,象形脸,勾脸,,白色,,,圆眼窝,,蒜头鼻窝,撇嘴,,,,jpg,423,515,42.9,150,150,24,2020.1.5,,,,,
268,269,268,,蝎仙,,神怪类,净,武净,五花洞,三矮奇闻、真假潘金莲,混元盒,洪德佑,中文,赖团仙、金头仙,象形脸,勾脸,,绿色,,,鸟眼窝,蝎形,转鼻窝,吊死鬼嘴,,,,jpg,412,502,46.6,150,150,24,2020.1.5,,,,,
269,270,269,,韦陀,,神怪类,净,正净,白蛇传·合钵,,雷峰塔,通用,中文,法海,神仙脸,勾脸,,金色,,,倭口眼窝,火焰形,尖鼻窝,吊死鬼嘴,,,,jpg,412,502,44.6,150,150,24,2020.1.5,,,,,
270,271,270,,鹿童,,神怪类,净,武净,盗仙草,灵芝草、盗灵芝、雄黄阵,雷峰塔,侯喜瑞,中文,白素贞,象形脸,勾脸,,绿色,,鹿角眉,鸟眼窝,舍利子形,,元宝嘴,,,,jpg,412,502,44.1,150,150,24,2020.1.5,,,侯喜瑞（1892年2月23日-1983年2月22日），京剧净角。幼入富连成科班，先学梆子老生，后师从韩乐卿学架子花脸和武花脸戏。出科后拜黄润甫为师，颇得真传，并在严承师教基础上，根据自身条件扬长避短，形成新的艺术风格“侯派”，与金少山、郝寿臣三足鼎立。侯喜瑞虽然嗓音较哑，但字准音足，听起来简练隽永，字字入耳。早年在富连成社担任武生净行教师，晚年在中国戏曲学院、北京市戏曲学校任教。,,
271,272,271,,太乙真人,,神怪类,净,正净,乾元山,金光洞、乾坤圈,封神演义,侯喜瑞,中文,哪吒,三块瓦脸,勾脸,,红色,,直眉,直眼窝,太极形,尖鼻窝,,,,,jpg,412,502,38.2,150,150,24,2020.1.5,,,侯喜瑞（1892年2月23日-1983年2月22日），京剧净角。幼入富连成科班，先学梆子老生，后师从韩乐卿学架子花脸和武花脸戏。出科后拜黄润甫为师，颇得真传，并在严承师教基础上，根据自身条件扬长避短，形成新的艺术风格“侯派”，与金少山、郝寿臣三足鼎立。侯喜瑞虽然嗓音较哑，但字准音足，听起来简练隽永，字字入耳。早年在富连成社担任武生净行教师，晚年在中国戏曲学院、北京市戏曲学校任教。,,
272,273,272,,鹤童,,神怪类,净,武净,盗仙草,灵芝草、盗灵芝、雄黄阵,雷峰塔,侯喜瑞,中文,白素贞,象形脸,勾脸,,白色,,云眉,鸟眼窝,舍利子形,,雷公嘴,,,,jpg,412,502,38.8,150,150,24,2020.1.5,,,侯喜瑞（1892年2月23日-1983年2月22日），京剧净角。幼入富连成科班，先学梆子老生，后师从韩乐卿学架子花脸和武花脸戏。出科后拜黄润甫为师，颇得真传，并在严承师教基础上，根据自身条件扬长避短，形成新的艺术风格“侯派”，与金少山、郝寿臣三足鼎立。侯喜瑞虽然嗓音较哑，但字准音足，听起来简练隽永，字字入耳。早年在富连成社担任武生净行教师，晚年在中国戏曲学院、北京市戏曲学校任教。,,
