entity_type,image_id,image_filename,candidate_metadata_id_by_sequence,candidate_role,candidate_opera,candidate_original_face_type,match_status,reason
image,001,opera-01-001-s.jpg,001,郑伦,青龙关,三块瓦脸,unknown,"No independent role/opera/image-identity evidence proves this archive member is the XLS row. Sequence-only pairing is retained as a candidate, not accepted as a match."
image,002,opera-01-002-s.jpg,002,后羿,嫦娥奔月,三块瓦脸,unknown,"No independent role/opera/image-identity evidence proves this archive member is the XLS row. Sequence-only pairing is retained as a candidate, not accepted as a match."
image,003,opera-01-003-s.jpg,003,陈奇,青龙关,碎脸,unknown,"No independent role/opera/image-identity evidence proves this archive member is the XLS row. Sequence-only pairing is retained as a candidate, not accepted as a match."
image,004,opera-01-004-s.jpg,004,土行孙,攻潼关,象形脸,unknown,"No independent role/opera/image-identity evidence proves this archive member is the XLS row. Sequence-only pairing is retained as a candidate, not accepted as a match."
image,005,opera-01-005-s.jpg,005,闻仲,大回朝,六分脸,unknown,"No independent role/opera/image-identity evidence proves this archive member is the XLS row. Sequence-only pairing is retained as a candidate, not accepted as a match."
image,006,opera-01-006-s.jpg,006,姜尚,渭水河,整脸,unknown,"No independent role/opera/image-identity evidence proves this archive member is the XLS row. Sequence-only pairing is retained as a candidate, not accepted as a match."
image,007,opera-01-007-s.jpg,007,崇侯虎,进妲己,花三块瓦脸,unknown,"No independent role/opera/image-identity evidence proves this archive member is the XLS row. Sequence-only pairing is retained as a candidate, not accepted as a match."
image,008,opera-01-008-s.jpg,008,崇黑虎,进妲己,三块瓦脸,unknown,"No independent role/opera/image-identity evidence proves this archive member is the XLS row. Sequence-only pairing is retained as a candidate, not accepted as a match."
image,009,opera-01-009-s.jpg,009,姬僚,鱼肠剑,三块瓦脸,unknown,"No independent role/opera/image-identity evidence proves this archive member is the XLS row. Sequence-only pairing is retained as a candidate, not accepted as a match."
image,010,opera-01-010-s.jpg,010,米南凹,文昭关,三块瓦脸,unknown,"No independent role/opera/image-identity evidence proves this archive member is the XLS row. Sequence-only pairing is retained as a candidate, not accepted as a match."
image,011,opera-01-011-s.jpg,011,李刚,庆阳图,十字门脸,unknown,"No independent role/opera/image-identity evidence proves this archive member is the XLS row. Sequence-only pairing is retained as a candidate, not accepted as a match."
image,012,opera-01-012-s.jpg,012,廉颇,将相和,三块瓦脸,unknown,"No independent role/opera/image-identity evidence proves this archive member is the XLS row. Sequence-only pairing is retained as a candidate, not accepted as a match."
image,013,opera-02-013-s.jpg,013,伊立,黄金台,太监脸,unknown,"No independent role/opera/image-identity evidence proves this archive member is the XLS row. Sequence-only pairing is retained as a candidate, not accepted as a match."
image,014,opera-02-014-s.jpg,014,胡伤,将相和,花三块瓦脸,unknown,"No independent role/opera/image-identity evidence proves this archive member is the XLS row. Sequence-only pairing is retained as a candidate, not accepted as a match."
image,015,opera-02-015-s.jpg,015,荆轲,荆轲传,三块瓦脸,unknown,"No independent role/opera/image-identity evidence proves this archive member is the XLS row. Sequence-only pairing is retained as a candidate, not accepted as a match."
image,016,opera-02-016-s.jpg,016,赵高,宇宙锋,整脸,unknown,"No independent role/opera/image-identity evidence proves this archive member is the XLS row. Sequence-only pairing is retained as a candidate, not accepted as a match."
image,017,opera-02-017-s.jpg,017,牛邈,闹昆阳,花三块瓦脸,unknown,"No independent role/opera/image-identity evidence proves this archive member is the XLS row. Sequence-only pairing is retained as a candidate, not accepted as a match."
image,018,opera-02-018-s.jpg,018,姚刚,黄一刀,十字门脸,unknown,"No independent role/opera/image-identity evidence proves this archive member is the XLS row. Sequence-only pairing is retained as a candidate, not accepted as a match."
image,019,opera-02-019-s.jpg,019,苏献,取洛阳,六分脸,unknown,"No independent role/opera/image-identity evidence proves this archive member is the XLS row. Sequence-only pairing is retained as a candidate, not accepted as a match."
image,020,opera-02-020-s.jpg,020,马武,取洛阳,碎脸,unknown,"No independent role/opera/image-identity evidence proves this archive member is the XLS row. Sequence-only pairing is retained as a candidate, not accepted as a match."
image,021,opera-02-021-s.jpg,021,张飞,长坂坡,十字门脸,unknown,"No independent role/opera/image-identity evidence proves this archive member is the XLS row. Sequence-only pairing is retained as a candidate, not accepted as a match."
image,022,opera-02-022-s.jpg,022,关羽,战长沙,整脸,unknown,"No independent role/opera/image-identity evidence proves this archive member is the XLS row. Sequence-only pairing is retained as a candidate, not accepted as a match."
image,023,opera-02-023-s.jpg,023,庞统,柴桑口,三块瓦脸,unknown,"No independent role/opera/image-identity evidence proves this archive member is the XLS row. Sequence-only pairing is retained as a candidate, not accepted as a match."
image,024,opera-02-024-s.jpg,024,周仓,单刀会,元宝脸,unknown,"No independent role/opera/image-identity evidence proves this archive member is the XLS row. Sequence-only pairing is retained as a candidate, not accepted as a match."
image,025,opera-03-025-s.jpg,025,夏侯惇,战宛城,三块瓦脸,unknown,"No independent role/opera/image-identity evidence proves this archive member is the XLS row. Sequence-only pairing is retained as a candidate, not accepted as a match."
image,026,opera-03-026-s.jpg,026,夏侯渊,定军山,十字门脸,unknown,"No independent role/opera/image-identity evidence proves this archive member is the XLS row. Sequence-only pairing is retained as a candidate, not accepted as a match."
image,027,opera-03-027-s.jpg,027,许褚,战宛城,碎脸,unknown,"No independent role/opera/image-identity evidence proves this archive member is the XLS row. Sequence-only pairing is retained as a candidate, not accepted as a match."
image,028,opera-03-028-s.jpg,028,曹洪,战宛城,花三块瓦脸,unknown,"No independent role/opera/image-identity evidence proves this archive member is the XLS row. Sequence-only pairing is retained as a candidate, not accepted as a match."
image,029,opera-03-029-s.jpg,029,张郃,长坂坡,三块瓦脸,unknown,"No independent role/opera/image-identity evidence proves this archive member is the XLS row. Sequence-only pairing is retained as a candidate, not accepted as a match."
image,030,opera-03-030-s.jpg,030,徐晃,阳平关,花三块瓦脸,unknown,"No independent role/opera/image-identity evidence proves this archive member is the XLS row. Sequence-only pairing is retained as a candidate, not accepted as a match."
image,031,opera-03-031-s.jpg,031,孟坦,过五关,三块瓦脸,unknown,"No independent role/opera/image-identity evidence proves this archive member is the XLS row. Sequence-only pairing is retained as a candidate, not accepted as a match."
image,032,opera-03-032-s.jpg,032,蔡阳,古城会,三块瓦脸,unknown,"No independent role/opera/image-identity evidence proves this archive member is the XLS row. Sequence-only pairing is retained as a candidate, not accepted as a match."
image,033,opera-03-033-s.jpg,033,黄盖,群英会,六分脸,unknown,"No independent role/opera/image-identity evidence proves this archive member is the XLS row. Sequence-only pairing is retained as a candidate, not accepted as a match."
image,034,opera-03-034-s.jpg,034,孙权,甘露寺,整脸,unknown,"No independent role/opera/image-identity evidence proves this archive member is the XLS row. Sequence-only pairing is retained as a candidate, not accepted as a match."
image,035,opera-03-035-s.jpg,035,吕蒙,走麦城,三块瓦脸,unknown,"No independent role/opera/image-identity evidence proves this archive member is the XLS row. Sequence-only pairing is retained as a candidate, not accepted as a match."
image,036,opera-03-036-s.jpg,036,太史慈,战合肥,碎脸,unknown,"No independent role/opera/image-identity evidence proves this archive member is the XLS row. Sequence-only pairing is retained as a candidate, not accepted as a match."
image,037,opera-04-037-s.jpg,037,蒋钦,甘露寺,三块瓦脸,unknown,"No independent role/opera/image-identity evidence proves this archive member is the XLS row. Sequence-only pairing is retained as a candidate, not accepted as a match."
image,038,opera-04-038-s.jpg,038,凌统,甘宁百骑劫魏营,三块瓦脸,unknown,"No independent role/opera/image-identity evidence proves this archive member is the XLS row. Sequence-only pairing is retained as a candidate, not accepted as a match."
image,039,opera-04-039-s.jpg,039,周泰,连营寨,三块瓦脸,unknown,"No independent role/opera/image-identity evidence proves this archive member is the XLS row. Sequence-only pairing is retained as a candidate, not accepted as a match."
image,040,opera-04-040-s.jpg,040,周处,除三害,花三块瓦脸,unknown,"No independent role/opera/image-identity evidence proves this archive member is the XLS row. Sequence-only pairing is retained as a candidate, not accepted as a match."
image,041,opera-04-041-s.jpg,041,秦英,乾坤带,花三块瓦脸,unknown,"No independent role/opera/image-identity evidence proves this archive member is the XLS row. Sequence-only pairing is retained as a candidate, not accepted as a match."
image,042,opera-04-042-s.jpg,042,窦一虎,棋盘山,碎脸,unknown,"No independent role/opera/image-identity evidence proves this archive member is the XLS row. Sequence-only pairing is retained as a candidate, not accepted as a match."
image,043,opera-04-043-s.jpg,043,薛刚,闹花灯,三块瓦脸,unknown,"No independent role/opera/image-identity evidence proves this archive member is the XLS row. Sequence-only pairing is retained as a candidate, not accepted as a match."
image,044,opera-04-044-s.jpg,044,苏宝同,界牌关,碎脸,unknown,"No independent role/opera/image-identity evidence proves this archive member is the XLS row. Sequence-only pairing is retained as a candidate, not accepted as a match."
image,045,opera-04-045-s.jpg,045,薛葵,徐策跑城,碎脸,unknown,"No independent role/opera/image-identity evidence proves this archive member is the XLS row. Sequence-only pairing is retained as a candidate, not accepted as a match."
image,046,opera-04-046-s.jpg,046,安殿宝,独木关,三块瓦脸,unknown,"No independent role/opera/image-identity evidence proves this archive member is the XLS row. Sequence-only pairing is retained as a candidate, not accepted as a match."
image,047,opera-04-047-s.jpg,047,巴兰,百花公主,三块瓦脸,unknown,"No independent role/opera/image-identity evidence proves this archive member is the XLS row. Sequence-only pairing is retained as a candidate, not accepted as a match."
image,048,opera-04-048-s.jpg,048,贺天龙,雁荡山,三块瓦脸,unknown,"No independent role/opera/image-identity evidence proves this archive member is the XLS row. Sequence-only pairing is retained as a candidate, not accepted as a match."
image,049,opera-05-049-s.jpg,049,郭子仪,满床笏,六分脸,unknown,"No independent role/opera/image-identity evidence proves this archive member is the XLS row. Sequence-only pairing is retained as a candidate, not accepted as a match."
image,050,opera-05-050-s.jpg,050,王彦章,双观星,象形脸,unknown,"No independent role/opera/image-identity evidence proves this archive member is the XLS row. Sequence-only pairing is retained as a candidate, not accepted as a match."
image,051,opera-05-051-s.jpg,051,周德威,珠帘寨,三块瓦脸,unknown,"No independent role/opera/image-identity evidence proves this archive member is the XLS row. Sequence-only pairing is retained as a candidate, not accepted as a match."
image,052,opera-05-052-s.jpg,052,余洪,竹林计,碎脸,unknown,"No independent role/opera/image-identity evidence proves this archive member is the XLS row. Sequence-only pairing is retained as a candidate, not accepted as a match."
image,053,opera-05-053-s.jpg,053,郑恩,打龙棚,歪脸,unknown,"No independent role/opera/image-identity evidence proves this archive member is the XLS row. Sequence-only pairing is retained as a candidate, not accepted as a match."
image,054,opera-05-054-s.jpg,054,赵匡胤,斩黄袍,整脸,unknown,"No independent role/opera/image-identity evidence proves this archive member is the XLS row. Sequence-only pairing is retained as a candidate, not accepted as a match."
image,055,opera-05-055-s.jpg,055,呼延赞,龙虎斗,碎脸,unknown,"No independent role/opera/image-identity evidence proves this archive member is the XLS row. Sequence-only pairing is retained as a candidate, not accepted as a match."
image,056,opera-05-056-s.jpg,056,崔子健,佘赛花,十字门脸,unknown,"No independent role/opera/image-identity evidence proves this archive member is the XLS row. Sequence-only pairing is retained as a candidate, not accepted as a match."
image,057,opera-05-057-s.jpg,057,钟离春,湘江会,碎脸,unknown,"No independent role/opera/image-identity evidence proves this archive member is the XLS row. Sequence-only pairing is retained as a candidate, not accepted as a match."
image,058,opera-05-058-s.jpg,058,里克,蜜蜂计,碎脸,unknown,"No independent role/opera/image-identity evidence proves this archive member is the XLS row. Sequence-only pairing is retained as a candidate, not accepted as a match."
image,059,opera-05-059-s.jpg,059,毛奔,五雷阵,花三块瓦脸,unknown,"No independent role/opera/image-identity evidence proves this archive member is the XLS row. Sequence-only pairing is retained as a candidate, not accepted as a match."
image,060,opera-05-060-s.jpg,060,雷震子,攻潼关,象形脸,unknown,"No independent role/opera/image-identity evidence proves this archive member is the XLS row. Sequence-only pairing is retained as a candidate, not accepted as a match."
image,061,opera-06-061-s.jpg,061,魏绛,赵氏孤儿,三块瓦脸,unknown,"No independent role/opera/image-identity evidence proves this archive member is the XLS row. Sequence-only pairing is retained as a candidate, not accepted as a match."
image,062,opera-06-062-s.jpg,062,颍考叔,伐子都,三块瓦脸,unknown,"No independent role/opera/image-identity evidence proves this archive member is the XLS row. Sequence-only pairing is retained as a candidate, not accepted as a match."
image,063,opera-06-063-s.jpg,063,先蔑,摘缨会,十字门脸,unknown,"No independent role/opera/image-identity evidence proves this archive member is the XLS row. Sequence-only pairing is retained as a candidate, not accepted as a match."
image,064,opera-06-064-s.jpg,064,屠岸贾,赵氏孤儿,花三块瓦脸,unknown,"No independent role/opera/image-identity evidence proves this archive member is the XLS row. Sequence-only pairing is retained as a candidate, not accepted as a match."
image,065,opera-06-065-s.jpg,065,王陵,陵母伏剑,三块瓦脸,unknown,"No independent role/opera/image-identity evidence proves this archive member is the XLS row. Sequence-only pairing is retained as a candidate, not accepted as a match."
image,066,opera-06-066-s.jpg,066,夏侯婴,,,unknown,"No independent role/opera/image-identity evidence proves this archive member is the XLS row. Sequence-only pairing is retained as a candidate, not accepted as a match."
image,067,opera-06-067-s.jpg,067,英布,霸王别姬,碎脸,unknown,"No independent role/opera/image-identity evidence proves this archive member is the XLS row. Sequence-only pairing is retained as a candidate, not accepted as a match."
image,068,opera-06-068-s.jpg,068,项羽,霸王别姬,花三块瓦脸,unknown,"No independent role/opera/image-identity evidence proves this archive member is the XLS row. Sequence-only pairing is retained as a candidate, not accepted as a match."
image,069,opera-06-069-s.jpg,069,彭越,霸王别姬,三块瓦脸,unknown,"No independent role/opera/image-identity evidence proves this archive member is the XLS row. Sequence-only pairing is retained as a candidate, not accepted as a match."
image,070,opera-06-070-s.jpg,070,吕马童,霸王别姬,三块瓦脸,unknown,"No independent role/opera/image-identity evidence proves this archive member is the XLS row. Sequence-only pairing is retained as a candidate, not accepted as a match."
image,071,opera-06-071-s.jpg,071,铫期,草桥关,十字门脸,unknown,"No independent role/opera/image-identity evidence proves this archive member is the XLS row. Sequence-only pairing is retained as a candidate, not accepted as a match."
image,072,opera-06-072-s.jpg,072,吴汉,长安闱,三块瓦脸,unknown,"No independent role/opera/image-identity evidence proves this archive member is the XLS row. Sequence-only pairing is retained as a candidate, not accepted as a match."
image,073,opera-07-073-s.jpg,073,魏延,战长沙,花三块瓦脸,unknown,"No independent role/opera/image-identity evidence proves this archive member is the XLS row. Sequence-only pairing is retained as a candidate, not accepted as a match."
image,074,opera-07-074-s.jpg,074,孟达,走麦城,元宝脸,unknown,"No independent role/opera/image-identity evidence proves this archive member is the XLS row. Sequence-only pairing is retained as a candidate, not accepted as a match."
image,075,opera-07-075-s.jpg,075,严颜,过巴州,六分脸,unknown,"No independent role/opera/image-identity evidence proves this archive member is the XLS row. Sequence-only pairing is retained as a candidate, not accepted as a match."
image,076,opera-07-076-s.jpg,076,沙摩柯,连营寨,花三块瓦脸,unknown,"No independent role/opera/image-identity evidence proves this archive member is the XLS row. Sequence-only pairing is retained as a candidate, not accepted as a match."
image,077,opera-07-077-s.jpg,077,姜维,铁笼山,三块瓦脸,unknown,"No independent role/opera/image-identity evidence proves this archive member is the XLS row. Sequence-only pairing is retained as a candidate, not accepted as a match."
image,078,opera-07-078-s.jpg,078,夏侯德,定军山,碎脸,unknown,"No independent role/opera/image-identity evidence proves this archive member is the XLS row. Sequence-only pairing is retained as a candidate, not accepted as a match."
image,079,opera-07-079-s.jpg,079,张苞,连营寨,十字门脸,unknown,"No independent role/opera/image-identity evidence proves this archive member is the XLS row. Sequence-only pairing is retained as a candidate, not accepted as a match."
image,080,opera-07-080-s.jpg,080,邓艾,坛山谷,三块瓦脸,unknown,"No independent role/opera/image-identity evidence proves this archive member is the XLS row. Sequence-only pairing is retained as a candidate, not accepted as a match."
image,081,opera-07-081-s.jpg,081,孔秀,过五关,三块瓦脸,unknown,"No independent role/opera/image-identity evidence proves this archive member is the XLS row. Sequence-only pairing is retained as a candidate, not accepted as a match."
image,082,opera-07-082-s.jpg,082,秦琪,过五关,歪脸,unknown,"No independent role/opera/image-identity evidence proves this archive member is the XLS row. Sequence-only pairing is retained as a candidate, not accepted as a match."
image,083,opera-07-083-s.jpg,083,司马懿,失街亭,整脸,unknown,"No independent role/opera/image-identity evidence proves this archive member is the XLS row. Sequence-only pairing is retained as a candidate, not accepted as a match."
image,084,opera-07-084-s.jpg,084,蒋干,群英会,腰子脸,unknown,"No independent role/opera/image-identity evidence proves this archive member is the XLS row. Sequence-only pairing is retained as a candidate, not accepted as a match."
image,085,opera-08-085-s.jpg,085,司马师,红逼宫,十字门脸,unknown,"No independent role/opera/image-identity evidence proves this archive member is the XLS row. Sequence-only pairing is retained as a candidate, not accepted as a match."
image,086,opera-08-086-s.jpg,086,郭淮,铁笼山,碎脸,unknown,"No independent role/opera/image-identity evidence proves this archive member is the XLS row. Sequence-only pairing is retained as a candidate, not accepted as a match."
image,087,opera-08-087-s.jpg,087,董卓,凤仪亭,整脸,unknown,"No independent role/opera/image-identity evidence proves this archive member is the XLS row. Sequence-only pairing is retained as a candidate, not accepted as a match."
image,088,opera-08-088-s.jpg,088,马谡,失街亭,三块瓦脸,unknown,"No independent role/opera/image-identity evidence proves this archive member is the XLS row. Sequence-only pairing is retained as a candidate, not accepted as a match."
image,089,opera-08-089-s.jpg,089,郭荣,草桥关,整脸,unknown,"No independent role/opera/image-identity evidence proves this archive member is the XLS row. Sequence-only pairing is retained as a candidate, not accepted as a match."
image,090,opera-08-090-s.jpg,090,王元,取洛阳,元宝脸,unknown,"No independent role/opera/image-identity evidence proves this archive member is the XLS row. Sequence-only pairing is retained as a candidate, not accepted as a match."
image,091,opera-08-091-s.jpg,091,须贾,赠绨袍,三块瓦脸,unknown,"No independent role/opera/image-identity evidence proves this archive member is the XLS row. Sequence-only pairing is retained as a candidate, not accepted as a match."
image,092,opera-08-092-s.jpg,092,专诸,鱼肠剑,三块瓦脸,unknown,"No independent role/opera/image-identity evidence proves this archive member is the XLS row. Sequence-only pairing is retained as a candidate, not accepted as a match."
image,093,opera-08-093-s.jpg,093,曹操,捉放曹,整脸,unknown,"No independent role/opera/image-identity evidence proves this archive member is the XLS row. Sequence-only pairing is retained as a candidate, not accepted as a match."
image,094,opera-08-094-s.jpg,094,典韦,战宛城,花三块瓦脸,unknown,"No independent role/opera/image-identity evidence proves this archive member is the XLS row. Sequence-only pairing is retained as a candidate, not accepted as a match."
image,095,opera-08-095-s.jpg,095,贾华,甘露寺,白粉脸,unknown,"No independent role/opera/image-identity evidence proves this archive member is the XLS row. Sequence-only pairing is retained as a candidate, not accepted as a match."
image,096,opera-08-096-s.jpg,096,程普,凤凰二乔,三块瓦脸,unknown,"No independent role/opera/image-identity evidence proves this archive member is the XLS row. Sequence-only pairing is retained as a candidate, not accepted as a match."
image,097,opera-09-097-s.jpg,097,尉迟宝林,白良关,十字门脸,unknown,"No independent role/opera/image-identity evidence proves this archive member is the XLS row. Sequence-only pairing is retained as a candidate, not accepted as a match."
image,098,opera-09-098-s.jpg,098,程咬金,响马传,碎脸,unknown,"No independent role/opera/image-identity evidence proves this archive member is the XLS row. Sequence-only pairing is retained as a candidate, not accepted as a match."
image,099,opera-09-099-s.jpg,099,单雄信,贾家楼,花三块瓦脸,unknown,"No independent role/opera/image-identity evidence proves this archive member is the XLS row. Sequence-only pairing is retained as a candidate, not accepted as a match."
image,100,opera-09-100-s.jpg,100,尉迟恭,白良关,六分脸,unknown,"No independent role/opera/image-identity evidence proves this archive member is the XLS row. Sequence-only pairing is retained as a candidate, not accepted as a match."
image,101,opera-09-101-s.jpg,101,金甲,贾家楼,碎脸,unknown,"No independent role/opera/image-identity evidence proves this archive member is the XLS row. Sequence-only pairing is retained as a candidate, not accepted as a match."
image,102,opera-09-102-s.jpg,102,童环,贾家楼,碎脸,unknown,"No independent role/opera/image-identity evidence proves this archive member is the XLS row. Sequence-only pairing is retained as a candidate, not accepted as a match."
image,103,opera-09-103-s.jpg,103,李元霸,晋阳宫,象形脸,unknown,"No independent role/opera/image-identity evidence proves this archive member is the XLS row. Sequence-only pairing is retained as a candidate, not accepted as a match."
image,104,opera-09-104-s.jpg,104,李密,断密涧,花三块瓦脸,unknown,"No independent role/opera/image-identity evidence proves this archive member is the XLS row. Sequence-only pairing is retained as a candidate, not accepted as a match."
image,105,opera-09-105-s.jpg,105,宇文成都,晋阳宫,三块瓦脸,unknown,"No independent role/opera/image-identity evidence proves this archive member is the XLS row. Sequence-only pairing is retained as a candidate, not accepted as a match."
image,106,opera-09-106-s.jpg,106,鲍赐安,龙潭镇,三块瓦脸,unknown,"No independent role/opera/image-identity evidence proves this archive member is the XLS row. Sequence-only pairing is retained as a candidate, not accepted as a match."
image,107,opera-09-107-s.jpg,107,黄胖,巴骆和,僧道脸,unknown,"No independent role/opera/image-identity evidence proves this archive member is the XLS row. Sequence-only pairing is retained as a candidate, not accepted as a match."
image,108,opera-09-108-s.jpg,108,猩猩胆,摩天岭,象形脸,unknown,"No independent role/opera/image-identity evidence proves this archive member is the XLS row. Sequence-only pairing is retained as a candidate, not accepted as a match."
image,109,opera-10-109-s.jpg,109,盖苏文,汾河湾,花三块瓦脸,unknown,"No independent role/opera/image-identity evidence proves this archive member is the XLS row. Sequence-only pairing is retained as a candidate, not accepted as a match."
image,110,opera-10-110-s.jpg,110,巴杰,巴骆和,碎脸,unknown,"No independent role/opera/image-identity evidence proves this archive member is the XLS row. Sequence-only pairing is retained as a candidate, not accepted as a match."
image,111,opera-10-111-s.jpg,111,朱温,雅观楼,三块瓦脸,unknown,"No independent role/opera/image-identity evidence proves this archive member is the XLS row. Sequence-only pairing is retained as a candidate, not accepted as a match."
image,112,opera-10-112-s.jpg,112,孟觉海,雅观楼,三块瓦脸,unknown,"No independent role/opera/image-identity evidence proves this archive member is the XLS row. Sequence-only pairing is retained as a candidate, not accepted as a match."
image,113,opera-10-113-s.jpg,113,高旺,牧虎关,十字门脸,unknown,"No independent role/opera/image-identity evidence proves this archive member is the XLS row. Sequence-only pairing is retained as a candidate, not accepted as a match."
image,114,opera-10-114-s.jpg,114,天庆王,金沙滩,整脸,unknown,"No independent role/opera/image-identity evidence proves this archive member is the XLS row. Sequence-only pairing is retained as a candidate, not accepted as a match."
image,115,opera-10-115-s.jpg,115,韩昌,雁门关,碎脸,unknown,"No independent role/opera/image-identity evidence proves this archive member is the XLS row. Sequence-only pairing is retained as a candidate, not accepted as a match."
image,116,opera-10-116-s.jpg,116,白天佐,破洪州,花三块瓦脸,unknown,"No independent role/opera/image-identity evidence proves this archive member is the XLS row. Sequence-only pairing is retained as a candidate, not accepted as a match."
image,117,opera-10-117-s.jpg,117,孟良,洪羊洞,十字门脸,unknown,"No independent role/opera/image-identity evidence proves this archive member is the XLS row. Sequence-only pairing is retained as a candidate, not accepted as a match."
image,118,opera-10-118-s.jpg,118,焦赞,三岔口,十字门脸,unknown,"No independent role/opera/image-identity evidence proves this archive member is the XLS row. Sequence-only pairing is retained as a candidate, not accepted as a match."
image,119,opera-10-119-s.jpg,119,杨延德,五台山,僧道脸,unknown,"No independent role/opera/image-identity evidence proves this archive member is the XLS row. Sequence-only pairing is retained as a candidate, not accepted as a match."
image,120,opera-10-120-s.jpg,120,杨延嗣,金沙滩,碎脸,unknown,"No independent role/opera/image-identity evidence proves this archive member is the XLS row. Sequence-only pairing is retained as a candidate, not accepted as a match."
image,121,opera-11-121-s.jpg,121,杨林,车轮战,三块瓦脸,unknown,"No independent role/opera/image-identity evidence proves this archive member is the XLS row. Sequence-only pairing is retained as a candidate, not accepted as a match."
image,122,opera-11-122-s.jpg,122,辛文礼,霓虹关,碎脸,unknown,"No independent role/opera/image-identity evidence proves this archive member is the XLS row. Sequence-only pairing is retained as a candidate, not accepted as a match."
image,123,opera-11-123-s.jpg,123,李克用,珠帘寨,六分脸,unknown,"No independent role/opera/image-identity evidence proves this archive member is the XLS row. Sequence-only pairing is retained as a candidate, not accepted as a match."
image,124,opera-11-124-s.jpg,124,胡里,巴骆和,,unknown,"No independent role/opera/image-identity evidence proves this archive member is the XLS row. Sequence-only pairing is retained as a candidate, not accepted as a match."
image,125,opera-11-125-s.jpg,125,巴若里,状元媒,碎脸,unknown,"No independent role/opera/image-identity evidence proves this archive member is the XLS row. Sequence-only pairing is retained as a candidate, not accepted as a match."
image,126,opera-11-126-s.jpg,126,傅龙,状元媒,六分脸,unknown,"No independent role/opera/image-identity evidence proves this archive member is the XLS row. Sequence-only pairing is retained as a candidate, not accepted as a match."
image,127,opera-11-127-s.jpg,127,潘洪,清官册,整脸,unknown,"No independent role/opera/image-identity evidence proves this archive member is the XLS row. Sequence-only pairing is retained as a candidate, not accepted as a match."
image,128,opera-11-128-s.jpg,128,陶洪,打瓜园,角筝形脸,unknown,"No independent role/opera/image-identity evidence proves this archive member is the XLS row. Sequence-only pairing is retained as a candidate, not accepted as a match."
image,129,opera-11-129-s.jpg,129,包拯,铡美案,整脸,unknown,"No independent role/opera/image-identity evidence proves this archive member is the XLS row. Sequence-only pairing is retained as a candidate, not accepted as a match."
image,130,opera-11-130-s.jpg,130,赵虎,铡美案,碎脸,unknown,"No independent role/opera/image-identity evidence proves this archive member is the XLS row. Sequence-only pairing is retained as a candidate, not accepted as a match."
image,131,opera-11-131-s.jpg,131,王朝,铡美案,三块瓦脸,unknown,"No independent role/opera/image-identity evidence proves this archive member is the XLS row. Sequence-only pairing is retained as a candidate, not accepted as a match."
image,132,opera-11-132-s.jpg,132,马汉,铡美案,元宝脸,unknown,"No independent role/opera/image-identity evidence proves this archive member is the XLS row. Sequence-only pairing is retained as a candidate, not accepted as a match."
image,133,opera-12-133-s.jpg,133,张天龙,双沙河,象形脸,unknown,"No independent role/opera/image-identity evidence proves this archive member is the XLS row. Sequence-only pairing is retained as a candidate, not accepted as a match."
image,134,opera-12-134-s.jpg,134,书童,盗银瓶,,unknown,"No independent role/opera/image-identity evidence proves this archive member is the XLS row. Sequence-only pairing is retained as a candidate, not accepted as a match."
image,135,opera-12-135-s.jpg,135,呼延庆,呼延庆打擂,碎脸,unknown,"No independent role/opera/image-identity evidence proves this archive member is the XLS row. Sequence-only pairing is retained as a candidate, not accepted as a match."
image,136,opera-12-136-s.jpg,136,王文,杨家女将,三块瓦脸,unknown,"No independent role/opera/image-identity evidence proves this archive member is the XLS row. Sequence-only pairing is retained as a candidate, not accepted as a match."
image,137,opera-12-137-s.jpg,137,韩彰,花蝴蝶,三块瓦脸,unknown,"No independent role/opera/image-identity evidence proves this archive member is the XLS row. Sequence-only pairing is retained as a candidate, not accepted as a match."
image,138,opera-12-138-s.jpg,138,徐庆,花蝴蝶,碎脸,unknown,"No independent role/opera/image-identity evidence proves this archive member is the XLS row. Sequence-only pairing is retained as a candidate, not accepted as a match."
image,139,opera-12-139-s.jpg,139,卢方,花蝴蝶,三块瓦脸,unknown,"No independent role/opera/image-identity evidence proves this archive member is the XLS row. Sequence-only pairing is retained as a candidate, not accepted as a match."
image,140,opera-12-140-s.jpg,140,蒋平,蒋平捞印,,unknown,"No independent role/opera/image-identity evidence proves this archive member is the XLS row. Sequence-only pairing is retained as a candidate, not accepted as a match."
image,141,opera-12-141-s.jpg,141,公孙胜,黄泥岗,三块瓦脸,unknown,"No independent role/opera/image-identity evidence proves this archive member is the XLS row. Sequence-only pairing is retained as a candidate, not accepted as a match."
image,142,opera-12-142-s.jpg,142,刘唐,浔阳楼,十字门脸,unknown,"No independent role/opera/image-identity evidence proves this archive member is the XLS row. Sequence-only pairing is retained as a candidate, not accepted as a match."
image,143,opera-12-143-s.jpg,143,晁盖,浔阳楼,三块瓦脸,unknown,"No independent role/opera/image-identity evidence proves this archive member is the XLS row. Sequence-only pairing is retained as a candidate, not accepted as a match."
image,144,opera-12-144-s.jpg,144,鲁智深,野猪林,僧道脸,unknown,"No independent role/opera/image-identity evidence proves this archive member is the XLS row. Sequence-only pairing is retained as a candidate, not accepted as a match."
image,145,opera-13-145-s.jpg,145,李逵,清风寨,花三块瓦脸,unknown,"No independent role/opera/image-identity evidence proves this archive member is the XLS row. Sequence-only pairing is retained as a candidate, not accepted as a match."
image,146,opera-13-146-s.jpg,146,杨志,黄泥岗,碎脸,unknown,"No independent role/opera/image-identity evidence proves this archive member is the XLS row. Sequence-only pairing is retained as a candidate, not accepted as a match."
image,147,opera-13-147-s.jpg,147,白胜,黄泥岗,,unknown,"No independent role/opera/image-identity evidence proves this archive member is the XLS row. Sequence-only pairing is retained as a candidate, not accepted as a match."
image,148,opera-13-148-s.jpg,148,王英,神州擂,碎脸,unknown,"No independent role/opera/image-identity evidence proves this archive member is the XLS row. Sequence-only pairing is retained as a candidate, not accepted as a match."
image,149,opera-13-149-s.jpg,149,宣赞,收关胜,碎脸,unknown,"No independent role/opera/image-identity evidence proves this archive member is the XLS row. Sequence-only pairing is retained as a candidate, not accepted as a match."
image,150,opera-13-150-s.jpg,150,呼延灼,青州府,碎脸,unknown,"No independent role/opera/image-identity evidence proves this archive member is the XLS row. Sequence-only pairing is retained as a candidate, not accepted as a match."
image,151,opera-13-151-s.jpg,151,秦明,青州府,碎脸,unknown,"No independent role/opera/image-identity evidence proves this archive member is the XLS row. Sequence-only pairing is retained as a candidate, not accepted as a match."
image,152,opera-13-152-s.jpg,152,索超,收关胜,三块瓦脸,unknown,"No independent role/opera/image-identity evidence proves this archive member is the XLS row. Sequence-only pairing is retained as a candidate, not accepted as a match."
image,153,opera-13-153-s.jpg,153,周通,花田错,碎脸,unknown,"No independent role/opera/image-identity evidence proves this archive member is the XLS row. Sequence-only pairing is retained as a candidate, not accepted as a match."
image,154,opera-13-154-s.jpg,154,关胜,收关胜,三块瓦脸,unknown,"No independent role/opera/image-identity evidence proves this archive member is the XLS row. Sequence-only pairing is retained as a candidate, not accepted as a match."
image,155,opera-13-155-s.jpg,155,汤隆,雁翎甲,碎脸,unknown,"No independent role/opera/image-identity evidence proves this archive member is the XLS row. Sequence-only pairing is retained as a candidate, not accepted as a match."
image,156,opera-13-156-s.jpg,156,杨林,石秀探庄,三块瓦脸,unknown,"No independent role/opera/image-identity evidence proves this archive member is the XLS row. Sequence-only pairing is retained as a candidate, not accepted as a match."
image,157,opera-14-157-s.jpg,157,祝龙,三打祝家庄,碎脸,unknown,"No independent role/opera/image-identity evidence proves this archive member is the XLS row. Sequence-only pairing is retained as a candidate, not accepted as a match."
image,158,opera-14-158-s.jpg,158,祝虎,三打祝家庄,碎脸,unknown,"No independent role/opera/image-identity evidence proves this archive member is the XLS row. Sequence-only pairing is retained as a candidate, not accepted as a match."
image,159,opera-14-159-s.jpg,159,栾廷玉,石秀探庄,三块瓦脸,unknown,"No independent role/opera/image-identity evidence proves this archive member is the XLS row. Sequence-only pairing is retained as a candidate, not accepted as a match."
image,160,opera-14-160-s.jpg,160,祝彪,三打祝家庄,歪脸,unknown,"No independent role/opera/image-identity evidence proves this archive member is the XLS row. Sequence-only pairing is retained as a candidate, not accepted as a match."
image,161,opera-14-161-s.jpg,161,张顺,秦淮河,花三块瓦脸,unknown,"No independent role/opera/image-identity evidence proves this archive member is the XLS row. Sequence-only pairing is retained as a candidate, not accepted as a match."
image,162,opera-14-162-s.jpg,162,徐士英,艳阳楼,碎脸,unknown,"No independent role/opera/image-identity evidence proves this archive member is the XLS row. Sequence-only pairing is retained as a candidate, not accepted as a match."
image,163,opera-14-163-s.jpg,163,倪荣,打渔杀家,碎脸,unknown,"No independent role/opera/image-identity evidence proves this archive member is the XLS row. Sequence-only pairing is retained as a candidate, not accepted as a match."
image,164,opera-14-164-s.jpg,164,时迁,雁翎甲,筝形脸,unknown,"No independent role/opera/image-identity evidence proves this archive member is the XLS row. Sequence-only pairing is retained as a candidate, not accepted as a match."
image,165,opera-14-165-s.jpg,165,高登,艳阳楼,三块瓦脸,unknown,"No independent role/opera/image-identity evidence proves this archive member is the XLS row. Sequence-only pairing is retained as a candidate, not accepted as a match."
image,166,opera-14-166-s.jpg,166,董超,野猪林,,unknown,"No independent role/opera/image-identity evidence proves this archive member is the XLS row. Sequence-only pairing is retained as a candidate, not accepted as a match."
image,167,opera-14-167-s.jpg,167,高俅,野猪林,整脸,unknown,"No independent role/opera/image-identity evidence proves this archive member is the XLS row. Sequence-only pairing is retained as a candidate, not accepted as a match."
image,168,opera-14-168-s.jpg,168,薛霸,野猪林,,unknown,"No independent role/opera/image-identity evidence proves this archive member is the XLS row. Sequence-only pairing is retained as a candidate, not accepted as a match."
image,169,opera-15-169-s.jpg,169,哈迷蚩,潞安州,,unknown,"No independent role/opera/image-identity evidence proves this archive member is the XLS row. Sequence-only pairing is retained as a candidate, not accepted as a match."
image,170,opera-15-170-s.jpg,170,金蝉子,锤震金蝉子,碎脸,unknown,"No independent role/opera/image-identity evidence proves this archive member is the XLS row. Sequence-only pairing is retained as a candidate, not accepted as a match."
image,171,opera-15-171-s.jpg,171,柴桂,求贤鉴,三块瓦脸,unknown,"No independent role/opera/image-identity evidence proves this archive member is the XLS row. Sequence-only pairing is retained as a candidate, not accepted as a match."
image,172,opera-15-172-s.jpg,172,黑风利,挑滑车,整脸,unknown,"No independent role/opera/image-identity evidence proves this archive member is the XLS row. Sequence-only pairing is retained as a candidate, not accepted as a match."
image,173,opera-15-173-s.jpg,173,牛皋,藕塘关,十字门脸,unknown,"No independent role/opera/image-identity evidence proves this archive member is the XLS row. Sequence-only pairing is retained as a candidate, not accepted as a match."
image,174,opera-15-174-s.jpg,174,何元庆,八大锤,花三块瓦脸,unknown,"No independent role/opera/image-identity evidence proves this archive member is the XLS row. Sequence-only pairing is retained as a candidate, not accepted as a match."
image,175,opera-15-175-s.jpg,175,狄雷,八大锤,碎脸,unknown,"No independent role/opera/image-identity evidence proves this archive member is the XLS row. Sequence-only pairing is retained as a candidate, not accepted as a match."
image,176,opera-15-176-s.jpg,176,兀术,八大锤,三块瓦脸,unknown,"No independent role/opera/image-identity evidence proves this archive member is the XLS row. Sequence-only pairing is retained as a candidate, not accepted as a match."
image,177,opera-15-177-s.jpg,177,李庭芝,正气歌,元宝脸,unknown,"No independent role/opera/image-identity evidence proves this archive member is the XLS row. Sequence-only pairing is retained as a candidate, not accepted as a match."
image,178,opera-15-178-s.jpg,178,金眼僧,二龙山,僧道脸,unknown,"No independent role/opera/image-identity evidence proves this archive member is the XLS row. Sequence-only pairing is retained as a candidate, not accepted as a match."
image,179,opera-15-179-s.jpg,179,伯颜,正气歌,花三块瓦脸,unknown,"No independent role/opera/image-identity evidence proves this archive member is the XLS row. Sequence-only pairing is retained as a candidate, not accepted as a match."
image,180,opera-15-180-s.jpg,180,银眼僧,二龙山,僧道脸,unknown,"No independent role/opera/image-identity evidence proves this archive member is the XLS row. Sequence-only pairing is retained as a candidate, not accepted as a match."
image,181,opera-16-181-s.jpg,181,沐英,取金陵,三块瓦脸,unknown,"No independent role/opera/image-identity evidence proves this archive member is the XLS row. Sequence-only pairing is retained as a candidate, not accepted as a match."
image,182,opera-16-182-s.jpg,182,徐延昭,大保国,六分脸,unknown,"No independent role/opera/image-identity evidence proves this archive member is the XLS row. Sequence-only pairing is retained as a candidate, not accepted as a match."
image,183,opera-16-183-s.jpg,183,蒋忠,百凉楼,碎脸,unknown,"No independent role/opera/image-identity evidence proves this archive member is the XLS row. Sequence-only pairing is retained as a candidate, not accepted as a match."
image,184,opera-16-184-s.jpg,184,赤福寿,取金陵,三块瓦脸,unknown,"No independent role/opera/image-identity evidence proves this archive member is the XLS row. Sequence-only pairing is retained as a candidate, not accepted as a match."
image,185,opera-16-185-s.jpg,185,完颜龙,串龙珠,碎脸,unknown,"No independent role/opera/image-identity evidence proves this archive member is the XLS row. Sequence-only pairing is retained as a candidate, not accepted as a match."
image,186,opera-16-186-s.jpg,186,娄阿鼠,十五贯,,unknown,"No independent role/opera/image-identity evidence proves this archive member is the XLS row. Sequence-only pairing is retained as a candidate, not accepted as a match."
image,187,opera-16-187-s.jpg,187,颜佩韦,五人义,三块瓦脸,unknown,"No independent role/opera/image-identity evidence proves this archive member is the XLS row. Sequence-only pairing is retained as a candidate, not accepted as a match."
image,188,opera-16-188-s.jpg,188,花云母,串龙珠,,unknown,"No independent role/opera/image-identity evidence proves this archive member is the XLS row. Sequence-only pairing is retained as a candidate, not accepted as a match."
image,189,opera-16-189-s.jpg,189,李七,李七长亭,歪脸,unknown,"No independent role/opera/image-identity evidence proves this archive member is the XLS row. Sequence-only pairing is retained as a candidate, not accepted as a match."
image,190,opera-16-190-s.jpg,190,贾桂,法门寺,窝头脸,unknown,"No independent role/opera/image-identity evidence proves this archive member is the XLS row. Sequence-only pairing is retained as a candidate, not accepted as a match."
image,191,opera-16-191-s.jpg,191,刘彪,法门寺,元宝类,unknown,"No independent role/opera/image-identity evidence proves this archive member is the XLS row. Sequence-only pairing is retained as a candidate, not accepted as a match."
image,192,opera-16-192-s.jpg,192,刘瑾,法门寺,太监脸,unknown,"No independent role/opera/image-identity evidence proves this archive member is the XLS row. Sequence-only pairing is retained as a candidate, not accepted as a match."
image,193,opera-17-193-s.jpg,193,刘禄敬,小上坟,,unknown,"No independent role/opera/image-identity evidence proves this archive member is the XLS row. Sequence-only pairing is retained as a candidate, not accepted as a match."
image,194,opera-17-194-s.jpg,194,沈燕林,玉堂春,,unknown,"No independent role/opera/image-identity evidence proves this archive member is the XLS row. Sequence-only pairing is retained as a candidate, not accepted as a match."
image,195,opera-17-195-s.jpg,195,本无,思凡下山,,unknown,"No independent role/opera/image-identity evidence proves this archive member is the XLS row. Sequence-only pairing is retained as a candidate, not accepted as a match."
image,196,opera-17-196-s.jpg,196,德禄,御碑亭,,unknown,"No independent role/opera/image-identity evidence proves this archive member is the XLS row. Sequence-only pairing is retained as a candidate, not accepted as a match."
image,197,opera-17-197-s.jpg,197,刘宗敏,闯王旗,三块瓦脸,unknown,"No independent role/opera/image-identity evidence proves this archive member is the XLS row. Sequence-only pairing is retained as a candidate, not accepted as a match."
image,198,opera-17-198-s.jpg,198,崇公道,女起解,,unknown,"No independent role/opera/image-identity evidence proves this archive member is the XLS row. Sequence-only pairing is retained as a candidate, not accepted as a match."
image,199,opera-17-199-s.jpg,199,郝摇旗,闯王旗,整脸,unknown,"No independent role/opera/image-identity evidence proves this archive member is the XLS row. Sequence-only pairing is retained as a candidate, not accepted as a match."
image,200,opera-17-200-s.jpg,200,夏副将,白水滩,三块瓦脸,unknown,"No independent role/opera/image-identity evidence proves this archive member is the XLS row. Sequence-only pairing is retained as a candidate, not accepted as a match."
image,201,opera-17-201-s.jpg,201,贺天龙,连环套,三块瓦脸,unknown,"No independent role/opera/image-identity evidence proves this archive member is the XLS row. Sequence-only pairing is retained as a candidate, not accepted as a match."
image,202,opera-17-202-s.jpg,202,贺天彪,连环套,碎脸,unknown,"No independent role/opera/image-identity evidence proves this archive member is the XLS row. Sequence-only pairing is retained as a candidate, not accepted as a match."
image,203,opera-17-203-s.jpg,203,窦尔敦,连环套,花三块瓦脸,unknown,"No independent role/opera/image-identity evidence proves this archive member is the XLS row. Sequence-only pairing is retained as a candidate, not accepted as a match."
image,204,opera-17-204-s.jpg,204,郝文僧,东昌府,僧道脸,unknown,"No independent role/opera/image-identity evidence proves this archive member is the XLS row. Sequence-only pairing is retained as a candidate, not accepted as a match."
image,205,opera-18-205-s.jpg,205,谢虎,鄚州庙,花三块瓦脸,unknown,"No independent role/opera/image-identity evidence proves this archive member is the XLS row. Sequence-only pairing is retained as a candidate, not accepted as a match."
image,206,opera-18-206-s.jpg,206,金大力,叭蜡庙,整脸,unknown,"No independent role/opera/image-identity evidence proves this archive member is the XLS row. Sequence-only pairing is retained as a candidate, not accepted as a match."
image,207,opera-18-207-s.jpg,207,朱光祖,连环套,枣核脸,unknown,"No independent role/opera/image-identity evidence proves this archive member is the XLS row. Sequence-only pairing is retained as a candidate, not accepted as a match."
image,208,opera-18-208-s.jpg,208,濮大勇,九龙杯,碎脸,unknown,"No independent role/opera/image-identity evidence proves this archive member is the XLS row. Sequence-only pairing is retained as a candidate, not accepted as a match."
image,209,opera-18-209-s.jpg,209,黄三泰,九龙杯,三块瓦脸,unknown,"No independent role/opera/image-identity evidence proves this archive member is the XLS row. Sequence-only pairing is retained as a candidate, not accepted as a match."
image,210,opera-18-210-s.jpg,210,何路通,落马湖,碎脸,unknown,"No independent role/opera/image-identity evidence proves this archive member is the XLS row. Sequence-only pairing is retained as a candidate, not accepted as a match."
image,211,opera-18-211-s.jpg,211,黄隆基,霸王庄,花三块瓦脸,unknown,"No independent role/opera/image-identity evidence proves this archive member is the XLS row. Sequence-only pairing is retained as a candidate, not accepted as a match."
image,212,opera-18-212-s.jpg,212,巴永泰,连环套,三块瓦脸,unknown,"No independent role/opera/image-identity evidence proves this archive member is the XLS row. Sequence-only pairing is retained as a candidate, not accepted as a match."
image,213,opera-18-213-s.jpg,213,焦振远,剑峰山,三块瓦脸,unknown,"No independent role/opera/image-identity evidence proves this archive member is the XLS row. Sequence-only pairing is retained as a candidate, not accepted as a match."
image,214,opera-18-214-s.jpg,214,花德雷,溪皇庄,三块瓦脸,unknown,"No independent role/opera/image-identity evidence proves this archive member is the XLS row. Sequence-only pairing is retained as a candidate, not accepted as a match."
image,215,opera-18-215-s.jpg,215,武天虬,恶虎村,花三块瓦脸,unknown,"No independent role/opera/image-identity evidence proves this archive member is the XLS row. Sequence-only pairing is retained as a candidate, not accepted as a match."
image,216,opera-18-216-s.jpg,216,李佩,落马湖,三块瓦脸,unknown,"No independent role/opera/image-identity evidence proves this archive member is the XLS row. Sequence-only pairing is retained as a candidate, not accepted as a match."
image,217,opera-19-217-s.jpg,217,蔡天化,淮安府,僧道脸,unknown,"No independent role/opera/image-identity evidence proves this archive member is the XLS row. Sequence-only pairing is retained as a candidate, not accepted as a match."
image,218,opera-19-218-s.jpg,218,邓九公,十三妹,三块瓦脸,unknown,"No independent role/opera/image-identity evidence proves this archive member is the XLS row. Sequence-only pairing is retained as a candidate, not accepted as a match."
image,219,opera-19-219-s.jpg,219,郎如豹,李海坞,三块瓦脸,unknown,"No independent role/opera/image-identity evidence proves this archive member is the XLS row. Sequence-only pairing is retained as a candidate, not accepted as a match."
image,220,opera-19-220-s.jpg,220,窦虎,叭蜡庙,歪脸,unknown,"No independent role/opera/image-identity evidence proves this archive member is the XLS row. Sequence-only pairing is retained as a candidate, not accepted as a match."
image,221,opera-19-221-s.jpg,221,曹宝,天官赐福,元宝脸,unknown,"No independent role/opera/image-identity evidence proves this archive member is the XLS row. Sequence-only pairing is retained as a candidate, not accepted as a match."
image,222,opera-19-222-s.jpg,222,亢金龙,琵琶洞,象形脸,unknown,"No independent role/opera/image-identity evidence proves this archive member is the XLS row. Sequence-only pairing is retained as a candidate, not accepted as a match."
image,223,opera-19-223-s.jpg,223,王灵官,泗州城,整脸,unknown,"No independent role/opera/image-identity evidence proves this archive member is the XLS row. Sequence-only pairing is retained as a candidate, not accepted as a match."
image,224,opera-19-224-s.jpg,224,昴日鸡,琵琶洞,象形脸,unknown,"No independent role/opera/image-identity evidence proves this archive member is the XLS row. Sequence-only pairing is retained as a candidate, not accepted as a match."
image,225,opera-19-225-s.jpg,225,玉帝,弼马温,三块瓦脸,unknown,"No independent role/opera/image-identity evidence proves this archive member is the XLS row. Sequence-only pairing is retained as a candidate, not accepted as a match."
image,226,opera-19-226-s.jpg,226,李靖,安天会,三块瓦脸,unknown,"No independent role/opera/image-identity evidence proves this archive member is the XLS row. Sequence-only pairing is retained as a candidate, not accepted as a match."
image,227,opera-19-227-s.jpg,227,释迦摩尼,真假美猴王,神仙脸,unknown,"No independent role/opera/image-identity evidence proves this archive member is the XLS row. Sequence-only pairing is retained as a candidate, not accepted as a match."
image,228,opera-19-228-s.jpg,228,孙悟空,安天会,象形脸,unknown,"No independent role/opera/image-identity evidence proves this archive member is the XLS row. Sequence-only pairing is retained as a candidate, not accepted as a match."
image,229,opera-20-229-s.jpg,229,赵天君,安天会,六分脸,unknown,"No independent role/opera/image-identity evidence proves this archive member is the XLS row. Sequence-only pairing is retained as a candidate, not accepted as a match."
image,230,opera-20-230-s.jpg,230,温天君,安天会,花三块瓦脸,unknown,"No independent role/opera/image-identity evidence proves this archive member is the XLS row. Sequence-only pairing is retained as a candidate, not accepted as a match."
image,231,opera-20-231-s.jpg,231,马天君,安天会,三块瓦脸,unknown,"No independent role/opera/image-identity evidence proves this archive member is the XLS row. Sequence-only pairing is retained as a candidate, not accepted as a match."
image,232,opera-20-232-s.jpg,232,刘天君,安天会,三块瓦脸,unknown,"No independent role/opera/image-identity evidence proves this archive member is the XLS row. Sequence-only pairing is retained as a candidate, not accepted as a match."
image,233,opera-20-233-s.jpg,233,巨灵神,安天会,象形脸,unknown,"No independent role/opera/image-identity evidence proves this archive member is the XLS row. Sequence-only pairing is retained as a candidate, not accepted as a match."
image,234,opera-20-234-s.jpg,234,青龙,安天会,象形脸,unknown,"No independent role/opera/image-identity evidence proves this archive member is the XLS row. Sequence-only pairing is retained as a candidate, not accepted as a match."
image,235,opera-20-235-s.jpg,235,杨戬,安天会,花三块瓦脸,unknown,"No independent role/opera/image-identity evidence proves this archive member is the XLS row. Sequence-only pairing is retained as a candidate, not accepted as a match."
image,236,opera-20-236-s.jpg,236,白虎,安天会,象形脸,unknown,"No independent role/opera/image-identity evidence proves this archive member is the XLS row. Sequence-only pairing is retained as a candidate, not accepted as a match."
image,237,opera-20-237-s.jpg,237,罗猴,安天会,象形脸,unknown,"No independent role/opera/image-identity evidence proves this archive member is the XLS row. Sequence-only pairing is retained as a candidate, not accepted as a match."
image,238,opera-20-238-s.jpg,238,墨猴,安天会,象形脸,unknown,"No independent role/opera/image-identity evidence proves this archive member is the XLS row. Sequence-only pairing is retained as a candidate, not accepted as a match."
image,239,opera-20-239-s.jpg,239,通臂猿,石猴出世,象形脸,unknown,"No independent role/opera/image-identity evidence proves this archive member is the XLS row. Sequence-only pairing is retained as a candidate, not accepted as a match."
image,240,opera-20-240-s.jpg,240,白猿,八仙斗白猿,象形脸,unknown,"No independent role/opera/image-identity evidence proves this archive member is the XLS row. Sequence-only pairing is retained as a candidate, not accepted as a match."
image,241,opera-21-241-s.jpg,241,天罡,安天会,神仙脸,unknown,"No independent role/opera/image-identity evidence proves this archive member is the XLS row. Sequence-only pairing is retained as a candidate, not accepted as a match."
image,242,opera-21-242-s.jpg,242,煞神,问樵闹府,碎脸,unknown,"No independent role/opera/image-identity evidence proves this archive member is the XLS row. Sequence-only pairing is retained as a candidate, not accepted as a match."
image,243,opera-21-243-s.jpg,243,地煞,安天会,神仙脸,unknown,"No independent role/opera/image-identity evidence proves this archive member is the XLS row. Sequence-only pairing is retained as a candidate, not accepted as a match."
image,244,opera-21-244-s.jpg,244,雷公,安天会,象形脸,unknown,"No independent role/opera/image-identity evidence proves this archive member is the XLS row. Sequence-only pairing is retained as a candidate, not accepted as a match."
image,245,opera-21-245-s.jpg,245,牛魔王,芭蕉扇,象形脸,unknown,"No independent role/opera/image-identity evidence proves this archive member is the XLS row. Sequence-only pairing is retained as a candidate, not accepted as a match."
image,246,opera-21-246-s.jpg,246,猪八戒,高老庄,象形脸,unknown,"No independent role/opera/image-identity evidence proves this archive member is the XLS row. Sequence-only pairing is retained as a candidate, not accepted as a match."
image,247,opera-21-247-s.jpg,247,沙僧,流沙河,僧道脸,unknown,"No independent role/opera/image-identity evidence proves this archive member is the XLS row. Sequence-only pairing is retained as a candidate, not accepted as a match."
image,248,opera-21-248-s.jpg,248,奎木狼,黄袍怪,象形脸,unknown,"No independent role/opera/image-identity evidence proves this archive member is the XLS row. Sequence-only pairing is retained as a candidate, not accepted as a match."
image,249,opera-21-249-s.jpg,249,青狮,狮驼岭,象形脸,unknown,"No independent role/opera/image-identity evidence proves this archive member is the XLS row. Sequence-only pairing is retained as a candidate, not accepted as a match."
image,250,opera-21-250-s.jpg,250,猫神,无底洞,象形脸,unknown,"No independent role/opera/image-identity evidence proves this archive member is the XLS row. Sequence-only pairing is retained as a candidate, not accepted as a match."
image,251,opera-21-251-s.jpg,251,白象,狮驼岭,象形脸,unknown,"No independent role/opera/image-identity evidence proves this archive member is the XLS row. Sequence-only pairing is retained as a candidate, not accepted as a match."
image,252,opera-21-252-s.jpg,252,金钱豹,红梅山,象形脸,unknown,"No independent role/opera/image-identity evidence proves this archive member is the XLS row. Sequence-only pairing is retained as a candidate, not accepted as a match."
image,253,opera-22-253-s.jpg,253,孔宣,百草山,象形脸,unknown,"No independent role/opera/image-identity evidence proves this archive member is the XLS row. Sequence-only pairing is retained as a candidate, not accepted as a match."
image,254,opera-22-254-s.jpg,254,白日鹤,百草山,象形脸,unknown,"No independent role/opera/image-identity evidence proves this archive member is the XLS row. Sequence-only pairing is retained as a candidate, not accepted as a match."
image,255,opera-22-255-s.jpg,255,通雀鸟,百草山,象形脸,unknown,"No independent role/opera/image-identity evidence proves this archive member is the XLS row. Sequence-only pairing is retained as a candidate, not accepted as a match."
image,256,opera-22-256-s.jpg,256,大鹏,狮驼岭,象形脸,unknown,"No independent role/opera/image-identity evidence proves this archive member is the XLS row. Sequence-only pairing is retained as a candidate, not accepted as a match."
image,257,opera-22-257-s.jpg,257,敖广,水帘洞,三块瓦脸,unknown,"No independent role/opera/image-identity evidence proves this archive member is the XLS row. Sequence-only pairing is retained as a candidate, not accepted as a match."
image,258,opera-22-258-s.jpg,258,虾将,水帘洞,小妖脸,unknown,"No independent role/opera/image-identity evidence proves this archive member is the XLS row. Sequence-only pairing is retained as a candidate, not accepted as a match."
image,259,opera-22-259-s.jpg,259,敖闰,水帘洞,三块瓦脸,unknown,"No independent role/opera/image-identity evidence proves this archive member is the XLS row. Sequence-only pairing is retained as a candidate, not accepted as a match."
image,260,opera-22-260-s.jpg,260,龟帅,水帘洞,,unknown,"No independent role/opera/image-identity evidence proves this archive member is the XLS row. Sequence-only pairing is retained as a candidate, not accepted as a match."
image,261,opera-22-261-s.jpg,261,北斗星君,百寿图,三块瓦脸,unknown,"No independent role/opera/image-identity evidence proves this archive member is the XLS row. Sequence-only pairing is retained as a candidate, not accepted as a match."
image,262,opera-22-262-s.jpg,262,汉钟离,八仙过海,神仙脸,unknown,"No independent role/opera/image-identity evidence proves this archive member is the XLS row. Sequence-only pairing is retained as a candidate, not accepted as a match."
image,263,opera-22-263-s.jpg,263,柳金,八仙过海,碎脸,unknown,"No independent role/opera/image-identity evidence proves this archive member is the XLS row. Sequence-only pairing is retained as a candidate, not accepted as a match."
image,264,opera-22-264-s.jpg,264,玉兔,嫦娥奔月,象形脸,unknown,"No independent role/opera/image-identity evidence proves this archive member is the XLS row. Sequence-only pairing is retained as a candidate, not accepted as a match."
image,265,opera-23-265-s.jpg,265,赖团仙,五花洞,象形脸,unknown,"No independent role/opera/image-identity evidence proves this archive member is the XLS row. Sequence-only pairing is retained as a candidate, not accepted as a match."
image,266,opera-23-266-s.jpg,266,金头仙,五花洞,象形脸,unknown,"No independent role/opera/image-identity evidence proves this archive member is the XLS row. Sequence-only pairing is retained as a candidate, not accepted as a match."
image,267,opera-23-267-s.jpg,267,哮天犬,安天会,象形脸,unknown,"No independent role/opera/image-identity evidence proves this archive member is the XLS row. Sequence-only pairing is retained as a candidate, not accepted as a match."
image,268,opera-23-268-s.jpg,268,蝎仙,五花洞,象形脸,unknown,"No independent role/opera/image-identity evidence proves this archive member is the XLS row. Sequence-only pairing is retained as a candidate, not accepted as a match."
image,269,opera-23-269-s.jpg,269,韦陀,白蛇传·合钵,神仙脸,unknown,"No independent role/opera/image-identity evidence proves this archive member is the XLS row. Sequence-only pairing is retained as a candidate, not accepted as a match."
image,270,opera-23-270-s.jpg,270,鹿童,盗仙草,象形脸,unknown,"No independent role/opera/image-identity evidence proves this archive member is the XLS row. Sequence-only pairing is retained as a candidate, not accepted as a match."
image,271,opera-23-271-s.jpg,271,太乙真人,乾元山,三块瓦脸,unknown,"No independent role/opera/image-identity evidence proves this archive member is the XLS row. Sequence-only pairing is retained as a candidate, not accepted as a match."
image,272,opera-23-272-s.jpg,272,鹤童,盗仙草,象形脸,unknown,"No independent role/opera/image-identity evidence proves this archive member is the XLS row. Sequence-only pairing is retained as a candidate, not accepted as a match."
