image_id,image_path,sequence,candidate_metadata_id,role,opera,raw_face_type,mapping_status,mapping_evidence,image_sha256,split,split_seed
001,data/raw/脸谱/整理工作/爬虫脸谱图集.zip::爬虫脸谱图集/opera-01-001-s.jpg,1,001,郑伦,青龙关,三块瓦脸,user_confirmed_sequence_mapping,Project owner confirmed on 2026-09-20 that Excel 序号 and the image filename number are one-to-one for the current POPF dataset.,0aba39c201b6a13aea2e0f6b68de43766d837cf159ec05ccc4beabada9f28688,train,42
002,data/raw/脸谱/整理工作/爬虫脸谱图集.zip::爬虫脸谱图集/opera-01-002-s.jpg,2,002,后羿,嫦娥奔月,三块瓦脸,user_confirmed_sequence_mapping,Project owner confirmed on 2026-09-20 that Excel 序号 and the image filename number are one-to-one for the current POPF dataset.,ffd50db0e3b16f62676a68dc92cf83d5972ba8a6d33d1c46d793c5f23ca522a5,train,42
009,data/raw/脸谱/整理工作/爬虫脸谱图集.zip::爬虫脸谱图集/opera-01-009-s.jpg,9,009,姬僚,鱼肠剑,三块瓦脸,user_confirmed_sequence_mapping,Project owner confirmed on 2026-09-20 that Excel 序号 and the image filename number are one-to-one for the current POPF dataset.,177b63d7f2dc5e639991fd489bcff69f297adf1f8a2b1ffcf304170951636c9a,train,42
010,data/raw/脸谱/整理工作/爬虫脸谱图集.zip::爬虫脸谱图集/opera-01-010-s.jpg,10,010,米南凹,文昭关,三块瓦脸,user_confirmed_sequence_mapping,Project owner confirmed on 2026-09-20 that Excel 序号 and the image filename number are one-to-one for the current POPF dataset.,9c03d7634718bdcc92f64cfd6cb39e26afbe64f1e323677e9ec682ee797b8c70,train,42
012,data/raw/脸谱/整理工作/爬虫脸谱图集.zip::爬虫脸谱图集/opera-01-012-s.jpg,12,012,廉颇,将相和,三块瓦脸,user_confirmed_sequence_mapping,Project owner confirmed on 2026-09-20 that Excel 序号 and the image filename number are one-to-one for the current POPF dataset.,630272ee95305c5c3c0dc54cb7858b62082bcc6f13074a15af39bd3552947a38,train,42
015,data/raw/脸谱/整理工作/爬虫脸谱图集.zip::爬虫脸谱图集/opera-02-015-s.jpg,15,015,荆轲,荆轲传,三块瓦脸,user_confirmed_sequence_mapping,Project owner confirmed on 2026-09-20 that Excel 序号 and the image filename number are one-to-one for the current POPF dataset.,63626bd6563a1f1768f32d6c704664f964ab837d264eed5618f32107a8469701,train,42
025,data/raw/脸谱/整理工作/爬虫脸谱图集.zip::爬虫脸谱图集/opera-03-025-s.jpg,25,025,夏侯惇,战宛城,三块瓦脸,user_confirmed_sequence_mapping,Project owner confirmed on 2026-09-20 that Excel 序号 and the image filename number are one-to-one for the current POPF dataset.,af3a110cba04c97785fa342932e795dab9c36070314f53361421b9863accefd7,train,42
029,data/raw/脸谱/整理工作/爬虫脸谱图集.zip::爬虫脸谱图集/opera-03-029-s.jpg,29,029,张郃,长坂坡,三块瓦脸,user_confirmed_sequence_mapping,Project owner confirmed on 2026-09-20 that Excel 序号 and the image filename number are one-to-one for the current POPF dataset.,8ee0129b7d1d6fd8962c6e243112cab56989442ac47538873041efc65789a19d,train,42
031,data/raw/脸谱/整理工作/爬虫脸谱图集.zip::爬虫脸谱图集/opera-03-031-s.jpg,31,031,孟坦,过五关,三块瓦脸,user_confirmed_sequence_mapping,Project owner confirmed on 2026-09-20 that Excel 序号 and the image filename number are one-to-one for the current POPF dataset.,06524d1f1e6155253a0f2781eaecc3b114fd546e5a19bdfbb884c6f894b0421c,train,42
032,data/raw/脸谱/整理工作/爬虫脸谱图集.zip::爬虫脸谱图集/opera-03-032-s.jpg,32,032,蔡阳,古城会,三块瓦脸,user_confirmed_sequence_mapping,Project owner confirmed on 2026-09-20 that Excel 序号 and the image filename number are one-to-one for the current POPF dataset.,e01e3f54177edfe0f2b0fde2c8d8ab0dcc1ee80f4888d5cff3411ab457c944ae,train,42
035,data/raw/脸谱/整理工作/爬虫脸谱图集.zip::爬虫脸谱图集/opera-03-035-s.jpg,35,035,吕蒙,走麦城,三块瓦脸,user_confirmed_sequence_mapping,Project owner confirmed on 2026-09-20 that Excel 序号 and the image filename number are one-to-one for the current POPF dataset.,6f7cec255b65678d231a92a34428719131a1328d262dbe840d67c47eb0c803e0,train,42
037,data/raw/脸谱/整理工作/爬虫脸谱图集.zip::爬虫脸谱图集/opera-04-037-s.jpg,37,037,蒋钦,甘露寺,三块瓦脸,user_confirmed_sequence_mapping,Project owner confirmed on 2026-09-20 that Excel 序号 and the image filename number are one-to-one for the current POPF dataset.,1c7e7cb74c6df22c756957b39bd090499ca76a9166c23cf4179cde3b9b7da69a,train,42
038,data/raw/脸谱/整理工作/爬虫脸谱图集.zip::爬虫脸谱图集/opera-04-038-s.jpg,38,038,凌统,甘宁百骑劫魏营,三块瓦脸,user_confirmed_sequence_mapping,Project owner confirmed on 2026-09-20 that Excel 序号 and the image filename number are one-to-one for the current POPF dataset.,6321ffa1a965268ee54eaf63ac72dffe5b85d00f3bbd65f55636c776deffe9d7,train,42
046,data/raw/脸谱/整理工作/爬虫脸谱图集.zip::爬虫脸谱图集/opera-04-046-s.jpg,46,046,安殿宝,独木关,三块瓦脸,user_confirmed_sequence_mapping,Project owner confirmed on 2026-09-20 that Excel 序号 and the image filename number are one-to-one for the current POPF dataset.,f14d8bd035707f484201d656c444143bdfda97f0d5d19a450154f72151d9bcea,train,42
048,data/raw/脸谱/整理工作/爬虫脸谱图集.zip::爬虫脸谱图集/opera-04-048-s.jpg,48,048,贺天龙,雁荡山,三块瓦脸,user_confirmed_sequence_mapping,Project owner confirmed on 2026-09-20 that Excel 序号 and the image filename number are one-to-one for the current POPF dataset.,727ecdad46b97730576ec7ea4eb59bc7b2a30700378a3a60b6c1b0d669aca550,train,42
061,data/raw/脸谱/整理工作/爬虫脸谱图集.zip::爬虫脸谱图集/opera-06-061-s.jpg,61,061,魏绛,赵氏孤儿,三块瓦脸,user_confirmed_sequence_mapping,Project owner confirmed on 2026-09-20 that Excel 序号 and the image filename number are one-to-one for the current POPF dataset.,5d6608ff04ead07eff4bc720a0f1fbf6dc25e71a4c6f0bdb8f073e40a374e5bb,train,42
062,data/raw/脸谱/整理工作/爬虫脸谱图集.zip::爬虫脸谱图集/opera-06-062-s.jpg,62,062,颍考叔,伐子都,三块瓦脸,user_confirmed_sequence_mapping,Project owner confirmed on 2026-09-20 that Excel 序号 and the image filename number are one-to-one for the current POPF dataset.,79c17bcdddad4f5ebf89b50e56f5b2a631ddd69e4355b82d1077f0f1eaaf49bf,train,42
065,data/raw/脸谱/整理工作/爬虫脸谱图集.zip::爬虫脸谱图集/opera-06-065-s.jpg,65,065,王陵,陵母伏剑,三块瓦脸,user_confirmed_sequence_mapping,Project owner confirmed on 2026-09-20 that Excel 序号 and the image filename number are one-to-one for the current POPF dataset.,07e5b058a103c8605eb02328b02ba8b9e23909d252d5bd6d2dd599a46b4d850a,train,42
069,data/raw/脸谱/整理工作/爬虫脸谱图集.zip::爬虫脸谱图集/opera-06-069-s.jpg,69,069,彭越,霸王别姬,三块瓦脸,user_confirmed_sequence_mapping,Project owner confirmed on 2026-09-20 that Excel 序号 and the image filename number are one-to-one for the current POPF dataset.,06c1888610f123553b281c1e77d3c03f6b20cb02e727b11170fd9d202055a61b,train,42
070,data/raw/脸谱/整理工作/爬虫脸谱图集.zip::爬虫脸谱图集/opera-06-070-s.jpg,70,070,吕马童,霸王别姬,三块瓦脸,user_confirmed_sequence_mapping,Project owner confirmed on 2026-09-20 that Excel 序号 and the image filename number are one-to-one for the current POPF dataset.,d4da2a77314ce62c11deeba0cf1af2b6d64c7beccb4aa162de2e6cb46e09572e,train,42
072,data/raw/脸谱/整理工作/爬虫脸谱图集.zip::爬虫脸谱图集/opera-06-072-s.jpg,72,072,吴汉,长安闱,三块瓦脸,user_confirmed_sequence_mapping,Project owner confirmed on 2026-09-20 that Excel 序号 and the image filename number are one-to-one for the current POPF dataset.,277cd7ce9d00ccc9db8020864fa4f8a7d6d3b9528dc19d1e6de45255b0a8d2da,train,42
077,data/raw/脸谱/整理工作/爬虫脸谱图集.zip::爬虫脸谱图集/opera-07-077-s.jpg,77,077,姜维,铁笼山,三块瓦脸,user_confirmed_sequence_mapping,Project owner confirmed on 2026-09-20 that Excel 序号 and the image filename number are one-to-one for the current POPF dataset.,33e30177fb6e5ef8d3bc787e0985ee80335a01cc264b974c9dbe84678a6d4958,train,42
080,data/raw/脸谱/整理工作/爬虫脸谱图集.zip::爬虫脸谱图集/opera-07-080-s.jpg,80,080,邓艾,坛山谷,三块瓦脸,user_confirmed_sequence_mapping,Project owner confirmed on 2026-09-20 that Excel 序号 and the image filename number are one-to-one for the current POPF dataset.,e3b279a7a8168623da85d7f8382ab248dfeb8be883ce5da0e50c1538c10b7740,train,42
091,data/raw/脸谱/整理工作/爬虫脸谱图集.zip::爬虫脸谱图集/opera-08-091-s.jpg,91,091,须贾,赠绨袍,三块瓦脸,user_confirmed_sequence_mapping,Project owner confirmed on 2026-09-20 that Excel 序号 and the image filename number are one-to-one for the current POPF dataset.,547edbb3beafc8228e5a80816cdb06054cb7c9c246a89f9b4b0cefd56297c269,train,42
092,data/raw/脸谱/整理工作/爬虫脸谱图集.zip::爬虫脸谱图集/opera-08-092-s.jpg,92,092,专诸,鱼肠剑,三块瓦脸,user_confirmed_sequence_mapping,Project owner confirmed on 2026-09-20 that Excel 序号 and the image filename number are one-to-one for the current POPF dataset.,b9b7b5e64a22db74951329f1a1cc6e92944e9d8066577d72205a9ef7656370d7,train,42
105,data/raw/脸谱/整理工作/爬虫脸谱图集.zip::爬虫脸谱图集/opera-09-105-s.jpg,105,105,宇文成都,晋阳宫,三块瓦脸,user_confirmed_sequence_mapping,Project owner confirmed on 2026-09-20 that Excel 序号 and the image filename number are one-to-one for the current POPF dataset.,47ddea2f582773194682352cda8bb32717008830adbc965ebaf1d9438a804f90,train,42
106,data/raw/脸谱/整理工作/爬虫脸谱图集.zip::爬虫脸谱图集/opera-09-106-s.jpg,106,106,鲍赐安,龙潭镇,三块瓦脸,user_confirmed_sequence_mapping,Project owner confirmed on 2026-09-20 that Excel 序号 and the image filename number are one-to-one for the current POPF dataset.,5727df638da56a32de40f51b4039ab04f6a926a515c42f35ebadedc40b933a8c,train,42
111,data/raw/脸谱/整理工作/爬虫脸谱图集.zip::爬虫脸谱图集/opera-10-111-s.jpg,111,111,朱温,雅观楼,三块瓦脸,user_confirmed_sequence_mapping,Project owner confirmed on 2026-09-20 that Excel 序号 and the image filename number are one-to-one for the current POPF dataset.,0cf0bf5c77d652075c70c46093597f8df877d8be83e15aedc95be2de29908136,train,42
112,data/raw/脸谱/整理工作/爬虫脸谱图集.zip::爬虫脸谱图集/opera-10-112-s.jpg,112,112,孟觉海,雅观楼,三块瓦脸,user_confirmed_sequence_mapping,Project owner confirmed on 2026-09-20 that Excel 序号 and the image filename number are one-to-one for the current POPF dataset.,da7059de997dff36d3448261a1817db99c454be89cabe45b6dec4f24d80479e1,train,42
121,data/raw/脸谱/整理工作/爬虫脸谱图集.zip::爬虫脸谱图集/opera-11-121-s.jpg,121,121,杨林,车轮战,三块瓦脸,user_confirmed_sequence_mapping,Project owner confirmed on 2026-09-20 that Excel 序号 and the image filename number are one-to-one for the current POPF dataset.,2ededfdf3ca19229f29fcb6beee24c92196ca394fc4fd0b0a49ac99fe952c27b,train,42
136,data/raw/脸谱/整理工作/爬虫脸谱图集.zip::爬虫脸谱图集/opera-12-136-s.jpg,136,136,王文,杨家女将,三块瓦脸,user_confirmed_sequence_mapping,Project owner confirmed on 2026-09-20 that Excel 序号 and the image filename number are one-to-one for the current POPF dataset.,b08c8a586fa0a70fe73c88fdd1c2d2cf5dbf9dfa9a7ff089382989c0238836ab,train,42
137,data/raw/脸谱/整理工作/爬虫脸谱图集.zip::爬虫脸谱图集/opera-12-137-s.jpg,137,137,韩彰,花蝴蝶,三块瓦脸,user_confirmed_sequence_mapping,Project owner confirmed on 2026-09-20 that Excel 序号 and the image filename number are one-to-one for the current POPF dataset.,7e152a93c32626992e453b525b89fe021c3086b66217d5bab0990a170ff1f3ab,train,42
143,data/raw/脸谱/整理工作/爬虫脸谱图集.zip::爬虫脸谱图集/opera-12-143-s.jpg,143,143,晁盖,浔阳楼,三块瓦脸,user_confirmed_sequence_mapping,Project owner confirmed on 2026-09-20 that Excel 序号 and the image filename number are one-to-one for the current POPF dataset.,2786191a41db6c4682ab11850d419ec54d8dfcbf5679506e4d1fbf3378a2ffac,train,42
152,data/raw/脸谱/整理工作/爬虫脸谱图集.zip::爬虫脸谱图集/opera-13-152-s.jpg,152,152,索超,收关胜,三块瓦脸,user_confirmed_sequence_mapping,Project owner confirmed on 2026-09-20 that Excel 序号 and the image filename number are one-to-one for the current POPF dataset.,399a108fa88cbd22119b6611df03f328ca001a7364af992f2698eaa122d6e0ea,train,42
159,data/raw/脸谱/整理工作/爬虫脸谱图集.zip::爬虫脸谱图集/opera-14-159-s.jpg,159,159,栾廷玉,石秀探庄,三块瓦脸,user_confirmed_sequence_mapping,Project owner confirmed on 2026-09-20 that Excel 序号 and the image filename number are one-to-one for the current POPF dataset.,7c21b232f02e3f0c96d4dd88037872c1a8e8dd70fe66f0ed6b07d435ca7fd8a8,train,42
181,data/raw/脸谱/整理工作/爬虫脸谱图集.zip::爬虫脸谱图集/opera-16-181-s.jpg,181,181,沐英,取金陵,三块瓦脸,user_confirmed_sequence_mapping,Project owner confirmed on 2026-09-20 that Excel 序号 and the image filename number are one-to-one for the current POPF dataset.,c8565f955d4f82f061ccb57b4a56147ce864121d840f2498e71280e47b061573,train,42
184,data/raw/脸谱/整理工作/爬虫脸谱图集.zip::爬虫脸谱图集/opera-16-184-s.jpg,184,184,赤福寿,取金陵,三块瓦脸,user_confirmed_sequence_mapping,Project owner confirmed on 2026-09-20 that Excel 序号 and the image filename number are one-to-one for the current POPF dataset.,128c41cd70967da4d18ca1e13e316570c06a56d6fda810fcbdca06dcaf5f9b05,train,42
187,data/raw/脸谱/整理工作/爬虫脸谱图集.zip::爬虫脸谱图集/opera-16-187-s.jpg,187,187,颜佩韦,五人义,三块瓦脸,user_confirmed_sequence_mapping,Project owner confirmed on 2026-09-20 that Excel 序号 and the image filename number are one-to-one for the current POPF dataset.,18fe4c6c54e107afc46c6cb4ae4d059d89e798251f9f766c56261db2961773f3,train,42
200,data/raw/脸谱/整理工作/爬虫脸谱图集.zip::爬虫脸谱图集/opera-17-200-s.jpg,200,200,夏副将,白水滩,三块瓦脸,user_confirmed_sequence_mapping,Project owner confirmed on 2026-09-20 that Excel 序号 and the image filename number are one-to-one for the current POPF dataset.,77c0b0cde1c4521814f51840463dc4a65a162ac7f277a415cb29cf11377125f1,train,42
209,data/raw/脸谱/整理工作/爬虫脸谱图集.zip::爬虫脸谱图集/opera-18-209-s.jpg,209,209,黄三泰,九龙杯,三块瓦脸,user_confirmed_sequence_mapping,Project owner confirmed on 2026-09-20 that Excel 序号 and the image filename number are one-to-one for the current POPF dataset.,23b18a9485b29f4cd5b4082a4a1eaec89a19e952412900e7927b0426a87fb9c4,train,42
212,data/raw/脸谱/整理工作/爬虫脸谱图集.zip::爬虫脸谱图集/opera-18-212-s.jpg,212,212,巴永泰,连环套,三块瓦脸,user_confirmed_sequence_mapping,Project owner confirmed on 2026-09-20 that Excel 序号 and the image filename number are one-to-one for the current POPF dataset.,3952e48e27b816550c1d208904709cbd53db8698b83ddadac82170fb7f10214c,train,42
213,data/raw/脸谱/整理工作/爬虫脸谱图集.zip::爬虫脸谱图集/opera-18-213-s.jpg,213,213,焦振远,剑峰山,三块瓦脸,user_confirmed_sequence_mapping,Project owner confirmed on 2026-09-20 that Excel 序号 and the image filename number are one-to-one for the current POPF dataset.,287043e5e6765f36657213e1a94cd06b7891a504c3f427893e2812471f45cc15,train,42
214,data/raw/脸谱/整理工作/爬虫脸谱图集.zip::爬虫脸谱图集/opera-18-214-s.jpg,214,214,花德雷,溪皇庄,三块瓦脸,user_confirmed_sequence_mapping,Project owner confirmed on 2026-09-20 that Excel 序号 and the image filename number are one-to-one for the current POPF dataset.,ff673d3c0a4c846720a754a6c2adf79d913f5f3b251e0d7f2f04d52d40dca2ee,train,42
216,data/raw/脸谱/整理工作/爬虫脸谱图集.zip::爬虫脸谱图集/opera-18-216-s.jpg,216,216,李佩,落马湖,三块瓦脸,user_confirmed_sequence_mapping,Project owner confirmed on 2026-09-20 that Excel 序号 and the image filename number are one-to-one for the current POPF dataset.,2627e1a5d1f00480ee851a8314c048a272372fe5fa4b8e748259a7ddcf998da3,train,42
219,data/raw/脸谱/整理工作/爬虫脸谱图集.zip::爬虫脸谱图集/opera-19-219-s.jpg,219,219,郎如豹,李海坞,三块瓦脸,user_confirmed_sequence_mapping,Project owner confirmed on 2026-09-20 that Excel 序号 and the image filename number are one-to-one for the current POPF dataset.,9df8e9299e6eebbe765e1c1e03c4a63fa92e3a8c1a468dec3595132c17e244bb,train,42
226,data/raw/脸谱/整理工作/爬虫脸谱图集.zip::爬虫脸谱图集/opera-19-226-s.jpg,226,226,李靖,安天会,三块瓦脸,user_confirmed_sequence_mapping,Project owner confirmed on 2026-09-20 that Excel 序号 and the image filename number are one-to-one for the current POPF dataset.,554d806c2fc8f254eb405390a90a4bcea223fa419e430635440d971d9e7e6d0c,train,42
231,data/raw/脸谱/整理工作/爬虫脸谱图集.zip::爬虫脸谱图集/opera-20-231-s.jpg,231,231,马天君,安天会,三块瓦脸,user_confirmed_sequence_mapping,Project owner confirmed on 2026-09-20 that Excel 序号 and the image filename number are one-to-one for the current POPF dataset.,f30f9629ae2047e6a2aeeb4abd469adae86fb7afa8d6bd576ea09c85b9c86019,train,42
232,data/raw/脸谱/整理工作/爬虫脸谱图集.zip::爬虫脸谱图集/opera-20-232-s.jpg,232,232,刘天君,安天会,三块瓦脸,user_confirmed_sequence_mapping,Project owner confirmed on 2026-09-20 that Excel 序号 and the image filename number are one-to-one for the current POPF dataset.,eeabed3b3e10330b23e02b97c6b27ed1baab2c04b29537d13fb001824ce684db,train,42
259,data/raw/脸谱/整理工作/爬虫脸谱图集.zip::爬虫脸谱图集/opera-22-259-s.jpg,259,259,敖闰,水帘洞,三块瓦脸,user_confirmed_sequence_mapping,Project owner confirmed on 2026-09-20 that Excel 序号 and the image filename number are one-to-one for the current POPF dataset.,5abd2021765481772a444a5b2ca888a3b525f4f54f769118c939ee90897cfd63,train,42
261,data/raw/脸谱/整理工作/爬虫脸谱图集.zip::爬虫脸谱图集/opera-22-261-s.jpg,261,261,北斗星君,百寿图,三块瓦脸,user_confirmed_sequence_mapping,Project owner confirmed on 2026-09-20 that Excel 序号 and the image filename number are one-to-one for the current POPF dataset.,da435555ed7dff68f1d57f6c0152c83fe30fe558407ecdb3dab26d55dd8ed9c6,train,42
271,data/raw/脸谱/整理工作/爬虫脸谱图集.zip::爬虫脸谱图集/opera-23-271-s.jpg,271,271,太乙真人,乾元山,三块瓦脸,user_confirmed_sequence_mapping,Project owner confirmed on 2026-09-20 that Excel 序号 and the image filename number are one-to-one for the current POPF dataset.,d94e587aa098889dca1a4ef0c5a7925d09b7a65614a1a0b260165d9b39f662dc,train,42
019,data/raw/脸谱/整理工作/爬虫脸谱图集.zip::爬虫脸谱图集/opera-02-019-s.jpg,19,019,苏献,取洛阳,六分脸,user_confirmed_sequence_mapping,Project owner confirmed on 2026-09-20 that Excel 序号 and the image filename number are one-to-one for the current POPF dataset.,0a430f12fe8a8fb9da6abd15a4b5e7483cbd5089e00853d609bff65847905565,train,42
049,data/raw/脸谱/整理工作/爬虫脸谱图集.zip::爬虫脸谱图集/opera-05-049-s.jpg,49,049,郭子仪,满床笏,六分脸,user_confirmed_sequence_mapping,Project owner confirmed on 2026-09-20 that Excel 序号 and the image filename number are one-to-one for the current POPF dataset.,ab429e4c62d04928de0dc3ecaa06b4a70e25cda6ccf12fa3fbf968b6b6842b3c,train,42
075,data/raw/脸谱/整理工作/爬虫脸谱图集.zip::爬虫脸谱图集/opera-07-075-s.jpg,75,075,严颜,过巴州,六分脸,user_confirmed_sequence_mapping,Project owner confirmed on 2026-09-20 that Excel 序号 and the image filename number are one-to-one for the current POPF dataset.,f013152aa3a02e4eaf647564e8b64c8ea6ea4c044641b84d95560aa63ca601bd,train,42
100,data/raw/脸谱/整理工作/爬虫脸谱图集.zip::爬虫脸谱图集/opera-09-100-s.jpg,100,100,尉迟恭,白良关,六分脸,user_confirmed_sequence_mapping,Project owner confirmed on 2026-09-20 that Excel 序号 and the image filename number are one-to-one for the current POPF dataset.,85a8571566fa16d82a413b9036c821aed4f07ae40f03f4adf5d88fc687cba013,train,42
126,data/raw/脸谱/整理工作/爬虫脸谱图集.zip::爬虫脸谱图集/opera-11-126-s.jpg,126,126,傅龙,状元媒,六分脸,user_confirmed_sequence_mapping,Project owner confirmed on 2026-09-20 that Excel 序号 and the image filename number are one-to-one for the current POPF dataset.,dee77b7405f8fcaadce36ce107b0c2fbdee698dd805b15c6fdd0ce6e79775e79,train,42
182,data/raw/脸谱/整理工作/爬虫脸谱图集.zip::爬虫脸谱图集/opera-16-182-s.jpg,182,182,徐延昭,大保国,六分脸,user_confirmed_sequence_mapping,Project owner confirmed on 2026-09-20 that Excel 序号 and the image filename number are one-to-one for the current POPF dataset.,230ea9b72c1d71fa814bc941bd24ad569ddc67d23166a71f5dee6f9c5dce342b,train,42
011,data/raw/脸谱/整理工作/爬虫脸谱图集.zip::爬虫脸谱图集/opera-01-011-s.jpg,11,011,李刚,庆阳图,十字门脸,user_confirmed_sequence_mapping,Project owner confirmed on 2026-09-20 that Excel 序号 and the image filename number are one-to-one for the current POPF dataset.,da33fce8d604b189dd79dd6582a198f3a4e823e80accea77a619f44d69c71489,train,42
018,data/raw/脸谱/整理工作/爬虫脸谱图集.zip::爬虫脸谱图集/opera-02-018-s.jpg,18,018,姚刚,黄一刀,十字门脸,user_confirmed_sequence_mapping,Project owner confirmed on 2026-09-20 that Excel 序号 and the image filename number are one-to-one for the current POPF dataset.,5fe10f6ab6a6d78cf42cb8e341f359d518f7982d3a9120bd22899da88d3e2620,train,42
021,data/raw/脸谱/整理工作/爬虫脸谱图集.zip::爬虫脸谱图集/opera-02-021-s.jpg,21,021,张飞,长坂坡,十字门脸,user_confirmed_sequence_mapping,Project owner confirmed on 2026-09-20 that Excel 序号 and the image filename number are one-to-one for the current POPF dataset.,8722f7e4ecae3cd43124034d9e96297ec2aad6bb42dfccf48f27f813e7e72f1b,train,42
026,data/raw/脸谱/整理工作/爬虫脸谱图集.zip::爬虫脸谱图集/opera-03-026-s.jpg,26,026,夏侯渊,定军山,十字门脸,user_confirmed_sequence_mapping,Project owner confirmed on 2026-09-20 that Excel 序号 and the image filename number are one-to-one for the current POPF dataset.,33de83a76f067dd742058294fd74fa3523c5648570e9ed69fabfececb4b3fcdd,train,42
056,data/raw/脸谱/整理工作/爬虫脸谱图集.zip::爬虫脸谱图集/opera-05-056-s.jpg,56,056,崔子健,佘赛花,十字门脸,user_confirmed_sequence_mapping,Project owner confirmed on 2026-09-20 that Excel 序号 and the image filename number are one-to-one for the current POPF dataset.,808e4b3ef52cb3a85e4bb747833b06228cd499257ba5b6b64fd6c2d41ddf9e99,train,42
063,data/raw/脸谱/整理工作/爬虫脸谱图集.zip::爬虫脸谱图集/opera-06-063-s.jpg,63,063,先蔑,摘缨会,十字门脸,user_confirmed_sequence_mapping,Project owner confirmed on 2026-09-20 that Excel 序号 and the image filename number are one-to-one for the current POPF dataset.,3b0b6384fb8b25ab1c184dc3bedeab5545d5a73536c6604fc780c91f41f8c510,train,42
071,data/raw/脸谱/整理工作/爬虫脸谱图集.zip::爬虫脸谱图集/opera-06-071-s.jpg,71,071,铫期,草桥关,十字门脸,user_confirmed_sequence_mapping,Project owner confirmed on 2026-09-20 that Excel 序号 and the image filename number are one-to-one for the current POPF dataset.,e649136fd00a3d49b8dcea9b781c22fcfe969eea8f49dedcc3db92a3166f3132,train,42
079,data/raw/脸谱/整理工作/爬虫脸谱图集.zip::爬虫脸谱图集/opera-07-079-s.jpg,79,079,张苞,连营寨,十字门脸,user_confirmed_sequence_mapping,Project owner confirmed on 2026-09-20 that Excel 序号 and the image filename number are one-to-one for the current POPF dataset.,ff59fd8e38ac0d56eabd63769680d3a97ad051694fb020d13e0a9e151b4cf6fc,train,42
085,data/raw/脸谱/整理工作/爬虫脸谱图集.zip::爬虫脸谱图集/opera-08-085-s.jpg,85,085,司马师,红逼宫,十字门脸,user_confirmed_sequence_mapping,Project owner confirmed on 2026-09-20 that Excel 序号 and the image filename number are one-to-one for the current POPF dataset.,fc291f16fc0a37ff0b7d9848f9184db3438fd90cdfbee069dd2e5186c09309bc,train,42
113,data/raw/脸谱/整理工作/爬虫脸谱图集.zip::爬虫脸谱图集/opera-10-113-s.jpg,113,113,高旺,牧虎关,十字门脸,user_confirmed_sequence_mapping,Project owner confirmed on 2026-09-20 that Excel 序号 and the image filename number are one-to-one for the current POPF dataset.,a4f82b57cd820f15f51168105406d80d1b6e59922477acc39d71a68f4e526cee,train,42
117,data/raw/脸谱/整理工作/爬虫脸谱图集.zip::爬虫脸谱图集/opera-10-117-s.jpg,117,117,孟良,洪羊洞,十字门脸,user_confirmed_sequence_mapping,Project owner confirmed on 2026-09-20 that Excel 序号 and the image filename number are one-to-one for the current POPF dataset.,aeef230a2c6bae0f029c11c648badfa0db8f77559311ebc7f641c57f226fdec1,train,42
016,data/raw/脸谱/整理工作/爬虫脸谱图集.zip::爬虫脸谱图集/opera-02-016-s.jpg,16,016,赵高,宇宙锋,整脸,user_confirmed_sequence_mapping,Project owner confirmed on 2026-09-20 that Excel 序号 and the image filename number are one-to-one for the current POPF dataset.,66059b16f4b60b18083a69eac83c270d282ad3d91cbb02f1c7741b12811054d8,train,42
022,data/raw/脸谱/整理工作/爬虫脸谱图集.zip::爬虫脸谱图集/opera-02-022-s.jpg,22,022,关羽,战长沙,整脸,user_confirmed_sequence_mapping,Project owner confirmed on 2026-09-20 that Excel 序号 and the image filename number are one-to-one for the current POPF dataset.,e8ef7fbfb021f7aae0d6cadfc705858420853f5e6536543011adfbb567d9147b,train,42
034,data/raw/脸谱/整理工作/爬虫脸谱图集.zip::爬虫脸谱图集/opera-03-034-s.jpg,34,034,孙权,甘露寺,整脸,user_confirmed_sequence_mapping,Project owner confirmed on 2026-09-20 that Excel 序号 and the image filename number are one-to-one for the current POPF dataset.,2be8310d0e6991409a37464465232733d26b68cb8406d1ba271ecadeff429748,train,42
054,data/raw/脸谱/整理工作/爬虫脸谱图集.zip::爬虫脸谱图集/opera-05-054-s.jpg,54,054,赵匡胤,斩黄袍,整脸,user_confirmed_sequence_mapping,Project owner confirmed on 2026-09-20 that Excel 序号 and the image filename number are one-to-one for the current POPF dataset.,ed1a8d9b18265b2cd3b5b0ad4e4cb88f2ba47a95f74d99feaa58557243fdf371,train,42
087,data/raw/脸谱/整理工作/爬虫脸谱图集.zip::爬虫脸谱图集/opera-08-087-s.jpg,87,087,董卓,凤仪亭,整脸,user_confirmed_sequence_mapping,Project owner confirmed on 2026-09-20 that Excel 序号 and the image filename number are one-to-one for the current POPF dataset.,f3e9a359282a7b3f58e90ef37e14d868b5f79cd875d2ef6e84cefc377c179e3f,train,42
089,data/raw/脸谱/整理工作/爬虫脸谱图集.zip::爬虫脸谱图集/opera-08-089-s.jpg,89,089,郭荣,草桥关,整脸,user_confirmed_sequence_mapping,Project owner confirmed on 2026-09-20 that Excel 序号 and the image filename number are one-to-one for the current POPF dataset.,bd05a21cf10f84933b4532887c249e1e219e197cec8a6245e10b46c1d346307d,train,42
127,data/raw/脸谱/整理工作/爬虫脸谱图集.zip::爬虫脸谱图集/opera-11-127-s.jpg,127,127,潘洪,清官册,整脸,user_confirmed_sequence_mapping,Project owner confirmed on 2026-09-20 that Excel 序号 and the image filename number are one-to-one for the current POPF dataset.,9cf4d95bcab59a7a637ce66a4c2124062f6c9df13aef6e03c27d1a0ab7e0393c,train,42
167,data/raw/脸谱/整理工作/爬虫脸谱图集.zip::爬虫脸谱图集/opera-14-167-s.jpg,167,167,高俅,野猪林,整脸,user_confirmed_sequence_mapping,Project owner confirmed on 2026-09-20 that Excel 序号 and the image filename number are one-to-one for the current POPF dataset.,97819c10e49b7445a733c7fcaed6de5020cb40e0b988e0d9e408c752d3ee76eb,train,42
172,data/raw/脸谱/整理工作/爬虫脸谱图集.zip::爬虫脸谱图集/opera-15-172-s.jpg,172,172,黑风利,挑滑车,整脸,user_confirmed_sequence_mapping,Project owner confirmed on 2026-09-20 that Excel 序号 and the image filename number are one-to-one for the current POPF dataset.,111f0206a7f8aa90121066290d024157cf7f64bdf0cdd42caf5f04efe2010e45,train,42
206,data/raw/脸谱/整理工作/爬虫脸谱图集.zip::爬虫脸谱图集/opera-18-206-s.jpg,206,206,金大力,叭蜡庙,整脸,user_confirmed_sequence_mapping,Project owner confirmed on 2026-09-20 that Excel 序号 and the image filename number are one-to-one for the current POPF dataset.,4f07c36aa1e548776524f2b7f7a1ff538ef7cbb695a743c7d7892bbccc7ffe2f,train,42
223,data/raw/脸谱/整理工作/爬虫脸谱图集.zip::爬虫脸谱图集/opera-19-223-s.jpg,223,223,王灵官,泗州城,整脸,user_confirmed_sequence_mapping,Project owner confirmed on 2026-09-20 that Excel 序号 and the image filename number are one-to-one for the current POPF dataset.,4192e1a8a9bde762e3784ed7c17c47b4809936aed75fa30175a7c13684d404ba,train,42
003,data/raw/脸谱/整理工作/爬虫脸谱图集.zip::爬虫脸谱图集/opera-01-003-s.jpg,3,003,陈奇,青龙关,碎脸,user_confirmed_sequence_mapping,Project owner confirmed on 2026-09-20 that Excel 序号 and the image filename number are one-to-one for the current POPF dataset.,2f9ec11b4b27ae0dee684efcdc9564902db3f2c8084d131ef5128e030a881526,train,42
027,data/raw/脸谱/整理工作/爬虫脸谱图集.zip::爬虫脸谱图集/opera-03-027-s.jpg,27,027,许褚,战宛城,碎脸,user_confirmed_sequence_mapping,Project owner confirmed on 2026-09-20 that Excel 序号 and the image filename number are one-to-one for the current POPF dataset.,513d6da981902e51ec7b9dc1c486445ce11c4456ce6567e6e1505dd04e2a071a,train,42
036,data/raw/脸谱/整理工作/爬虫脸谱图集.zip::爬虫脸谱图集/opera-03-036-s.jpg,36,036,太史慈,战合肥,碎脸,user_confirmed_sequence_mapping,Project owner confirmed on 2026-09-20 that Excel 序号 and the image filename number are one-to-one for the current POPF dataset.,1af245e1608b6bd0a472745266fe516970c95da37bddd493de4ca6d21a4c37f7,train,42
042,data/raw/脸谱/整理工作/爬虫脸谱图集.zip::爬虫脸谱图集/opera-04-042-s.jpg,42,042,窦一虎,棋盘山,碎脸,user_confirmed_sequence_mapping,Project owner confirmed on 2026-09-20 that Excel 序号 and the image filename number are one-to-one for the current POPF dataset.,aa886fb42de15b1bb0e63276f0818c3bd041a21e099a91e7a81bb746e3e1357c,train,42
044,data/raw/脸谱/整理工作/爬虫脸谱图集.zip::爬虫脸谱图集/opera-04-044-s.jpg,44,044,苏宝同,界牌关,碎脸,user_confirmed_sequence_mapping,Project owner confirmed on 2026-09-20 that Excel 序号 and the image filename number are one-to-one for the current POPF dataset.,801ea145dd5c2b3edd714ddf121c009f643a181f6ce5ca6ba7fe77086220054f,train,42
052,data/raw/脸谱/整理工作/爬虫脸谱图集.zip::爬虫脸谱图集/opera-05-052-s.jpg,52,052,余洪,竹林计,碎脸,user_confirmed_sequence_mapping,Project owner confirmed on 2026-09-20 that Excel 序号 and the image filename number are one-to-one for the current POPF dataset.,c60a1e0aa76766b617f69523b4fcec85c3508d114d2f7402c6131ef4c65f6fb9,train,42
055,data/raw/脸谱/整理工作/爬虫脸谱图集.zip::爬虫脸谱图集/opera-05-055-s.jpg,55,055,呼延赞,龙虎斗,碎脸,user_confirmed_sequence_mapping,Project owner confirmed on 2026-09-20 that Excel 序号 and the image filename number are one-to-one for the current POPF dataset.,e9231f2e366c4d895d21db54ed5b7f0a72216eddeadd864582225ebcb6560811,train,42
057,data/raw/脸谱/整理工作/爬虫脸谱图集.zip::爬虫脸谱图集/opera-05-057-s.jpg,57,057,钟离春,湘江会,碎脸,user_confirmed_sequence_mapping,Project owner confirmed on 2026-09-20 that Excel 序号 and the image filename number are one-to-one for the current POPF dataset.,901db0a9016c29c41ab847a89591c4aa134592746285ab5b755f75614781126a,train,42
058,data/raw/脸谱/整理工作/爬虫脸谱图集.zip::爬虫脸谱图集/opera-05-058-s.jpg,58,058,里克,蜜蜂计,碎脸,user_confirmed_sequence_mapping,Project owner confirmed on 2026-09-20 that Excel 序号 and the image filename number are one-to-one for the current POPF dataset.,138cf23f716e83cb4b795e61178a29886a6fb5e98e9381a7aef0e5ebfbe10379,train,42
078,data/raw/脸谱/整理工作/爬虫脸谱图集.zip::爬虫脸谱图集/opera-07-078-s.jpg,78,078,夏侯德,定军山,碎脸,user_confirmed_sequence_mapping,Project owner confirmed on 2026-09-20 that Excel 序号 and the image filename number are one-to-one for the current POPF dataset.,afaec35136cd327d295d39a94da8f1bb56d7b59918d1d7ddba6ea0f9546764c8,train,42
086,data/raw/脸谱/整理工作/爬虫脸谱图集.zip::爬虫脸谱图集/opera-08-086-s.jpg,86,086,郭淮,铁笼山,碎脸,user_confirmed_sequence_mapping,Project owner confirmed on 2026-09-20 that Excel 序号 and the image filename number are one-to-one for the current POPF dataset.,74c98f11dff94618bdd7978c3df1312d7405b048ac6cca4eefcab05f525e7943,train,42
098,data/raw/脸谱/整理工作/爬虫脸谱图集.zip::爬虫脸谱图集/opera-09-098-s.jpg,98,098,程咬金,响马传,碎脸,user_confirmed_sequence_mapping,Project owner confirmed on 2026-09-20 that Excel 序号 and the image filename number are one-to-one for the current POPF dataset.,7c97c11df08111ad0e35777f273280f29f1c0c23c112957754be663394637b70,train,42
102,data/raw/脸谱/整理工作/爬虫脸谱图集.zip::爬虫脸谱图集/opera-09-102-s.jpg,102,102,童环,贾家楼,碎脸,user_confirmed_sequence_mapping,Project owner confirmed on 2026-09-20 that Excel 序号 and the image filename number are one-to-one for the current POPF dataset.,1e04a3990e3979de4402d3d50ea6f55e39cca2c4b2c194addf07a7ecbebfec4b,train,42
110,data/raw/脸谱/整理工作/爬虫脸谱图集.zip::爬虫脸谱图集/opera-10-110-s.jpg,110,110,巴杰,巴骆和,碎脸,user_confirmed_sequence_mapping,Project owner confirmed on 2026-09-20 that Excel 序号 and the image filename number are one-to-one for the current POPF dataset.,d26bd894d0b16daf0939da7c6a84dee3c516a6cdf174bade6f83b47b8d04c63f,train,42
120,data/raw/脸谱/整理工作/爬虫脸谱图集.zip::爬虫脸谱图集/opera-10-120-s.jpg,120,120,杨延嗣,金沙滩,碎脸,user_confirmed_sequence_mapping,Project owner confirmed on 2026-09-20 that Excel 序号 and the image filename number are one-to-one for the current POPF dataset.,58087fabb6b56c35de63673d6e7b6f3f2e14c6206222afa8c085bbb62f878d9d,train,42
125,data/raw/脸谱/整理工作/爬虫脸谱图集.zip::爬虫脸谱图集/opera-11-125-s.jpg,125,125,巴若里,状元媒,碎脸,user_confirmed_sequence_mapping,Project owner confirmed on 2026-09-20 that Excel 序号 and the image filename number are one-to-one for the current POPF dataset.,0d385c9ffc5a1a42e7007ff9739fdce87916f5a5811c92e828eb76cac6d44ba6,train,42
130,data/raw/脸谱/整理工作/爬虫脸谱图集.zip::爬虫脸谱图集/opera-11-130-s.jpg,130,130,赵虎,铡美案,碎脸,user_confirmed_sequence_mapping,Project owner confirmed on 2026-09-20 that Excel 序号 and the image filename number are one-to-one for the current POPF dataset.,641c9a427154e1b3631b8c4bebf0f0968a1aa9fc57c0b23c9bdae4a362dbed0b,train,42
135,data/raw/脸谱/整理工作/爬虫脸谱图集.zip::爬虫脸谱图集/opera-12-135-s.jpg,135,135,呼延庆,呼延庆打擂,碎脸,user_confirmed_sequence_mapping,Project owner confirmed on 2026-09-20 that Excel 序号 and the image filename number are one-to-one for the current POPF dataset.,f340946b8663ec2d49fa95c85fbb49a468c286a72ae4acf5d113cc1008d69269,train,42
138,data/raw/脸谱/整理工作/爬虫脸谱图集.zip::爬虫脸谱图集/opera-12-138-s.jpg,138,138,徐庆,花蝴蝶,碎脸,user_confirmed_sequence_mapping,Project owner confirmed on 2026-09-20 that Excel 序号 and the image filename number are one-to-one for the current POPF dataset.,c219e0540b74638446ad4cd66e5c512d088b9892a537b6243d88b7e432ea6a7e,train,42
146,data/raw/脸谱/整理工作/爬虫脸谱图集.zip::爬虫脸谱图集/opera-13-146-s.jpg,146,146,杨志,黄泥岗,碎脸,user_confirmed_sequence_mapping,Project owner confirmed on 2026-09-20 that Excel 序号 and the image filename number are one-to-one for the current POPF dataset.,0cbf11e065ec9e384ab14ebd25ef46dc791386aba72bbb5eab8dda8a7dbced1e,train,42
149,data/raw/脸谱/整理工作/爬虫脸谱图集.zip::爬虫脸谱图集/opera-13-149-s.jpg,149,149,宣赞,收关胜,碎脸,user_confirmed_sequence_mapping,Project owner confirmed on 2026-09-20 that Excel 序号 and the image filename number are one-to-one for the current POPF dataset.,8e9429f841ac41f531169aefb77610c0e7e42e1d6916c58d7f94845843f2c040,train,42
153,data/raw/脸谱/整理工作/爬虫脸谱图集.zip::爬虫脸谱图集/opera-13-153-s.jpg,153,153,周通,花田错,碎脸,user_confirmed_sequence_mapping,Project owner confirmed on 2026-09-20 that Excel 序号 and the image filename number are one-to-one for the current POPF dataset.,c5ca48c31108e75d54c626fcda42ef2b67b517eaf2d037cd2aee2e32be05fedd,train,42
155,data/raw/脸谱/整理工作/爬虫脸谱图集.zip::爬虫脸谱图集/opera-13-155-s.jpg,155,155,汤隆,雁翎甲,碎脸,user_confirmed_sequence_mapping,Project owner confirmed on 2026-09-20 that Excel 序号 and the image filename number are one-to-one for the current POPF dataset.,83717b6c72caa94159cffb2f244ef0c62a0f3d88d15b646a553e1e105676a964,train,42
157,data/raw/脸谱/整理工作/爬虫脸谱图集.zip::爬虫脸谱图集/opera-14-157-s.jpg,157,157,祝龙,三打祝家庄,碎脸,user_confirmed_sequence_mapping,Project owner confirmed on 2026-09-20 that Excel 序号 and the image filename number are one-to-one for the current POPF dataset.,0c561fc06a5989d54ed9f977b4820933b6602174283555293e14baf89a16a4ad,train,42
158,data/raw/脸谱/整理工作/爬虫脸谱图集.zip::爬虫脸谱图集/opera-14-158-s.jpg,158,158,祝虎,三打祝家庄,碎脸,user_confirmed_sequence_mapping,Project owner confirmed on 2026-09-20 that Excel 序号 and the image filename number are one-to-one for the current POPF dataset.,517fb2528b32719c5bc4dc3642d2eee4df18061f23dc346216859d7a69fa54a3,train,42
162,data/raw/脸谱/整理工作/爬虫脸谱图集.zip::爬虫脸谱图集/opera-14-162-s.jpg,162,162,徐士英,艳阳楼,碎脸,user_confirmed_sequence_mapping,Project owner confirmed on 2026-09-20 that Excel 序号 and the image filename number are one-to-one for the current POPF dataset.,169c4562ea5986518f162edb7d854716d3fd70403a7699a68ecf65c852759474,train,42
170,data/raw/脸谱/整理工作/爬虫脸谱图集.zip::爬虫脸谱图集/opera-15-170-s.jpg,170,170,金蝉子,锤震金蝉子,碎脸,user_confirmed_sequence_mapping,Project owner confirmed on 2026-09-20 that Excel 序号 and the image filename number are one-to-one for the current POPF dataset.,39ec737d7a28dc7faf0bf4cfc3be203c77fef15cc9a7f3c043fad3a008bf90d0,train,42
175,data/raw/脸谱/整理工作/爬虫脸谱图集.zip::爬虫脸谱图集/opera-15-175-s.jpg,175,175,狄雷,八大锤,碎脸,user_confirmed_sequence_mapping,Project owner confirmed on 2026-09-20 that Excel 序号 and the image filename number are one-to-one for the current POPF dataset.,582366cdf23c20507df0de06f6d03a71c8311be1c87c3af9703c2fe33c45c2c1,train,42
202,data/raw/脸谱/整理工作/爬虫脸谱图集.zip::爬虫脸谱图集/opera-17-202-s.jpg,202,202,贺天彪,连环套,碎脸,user_confirmed_sequence_mapping,Project owner confirmed on 2026-09-20 that Excel 序号 and the image filename number are one-to-one for the current POPF dataset.,cded01ba6622177f5c82930533d59717d4081916ab52bf93321ccf0da9810415,train,42
208,data/raw/脸谱/整理工作/爬虫脸谱图集.zip::爬虫脸谱图集/opera-18-208-s.jpg,208,208,濮大勇,九龙杯,碎脸,user_confirmed_sequence_mapping,Project owner confirmed on 2026-09-20 that Excel 序号 and the image filename number are one-to-one for the current POPF dataset.,a520836a2dc817932f6054d0ff044d4504f5f90db390bdea0f3e0702e89a848c,train,42
242,data/raw/脸谱/整理工作/爬虫脸谱图集.zip::爬虫脸谱图集/opera-21-242-s.jpg,242,242,煞神,问樵闹府,碎脸,user_confirmed_sequence_mapping,Project owner confirmed on 2026-09-20 that Excel 序号 and the image filename number are one-to-one for the current POPF dataset.,6535896720529dabf0d0353cd3d636c4a29a6723cb4c1b14e2c92afb7d1bc706,train,42
007,data/raw/脸谱/整理工作/爬虫脸谱图集.zip::爬虫脸谱图集/opera-01-007-s.jpg,7,007,崇侯虎,进妲己,花三块瓦脸,user_confirmed_sequence_mapping,Project owner confirmed on 2026-09-20 that Excel 序号 and the image filename number are one-to-one for the current POPF dataset.,138f5af12c7630c12ea5a7d91b4f4a8d8e78b0bf38ee29b498953b83b39cff61,train,42
014,data/raw/脸谱/整理工作/爬虫脸谱图集.zip::爬虫脸谱图集/opera-02-014-s.jpg,14,014,胡伤,将相和,花三块瓦脸,user_confirmed_sequence_mapping,Project owner confirmed on 2026-09-20 that Excel 序号 and the image filename number are one-to-one for the current POPF dataset.,981b7a724cb4c1ddb7e7c35b58a43683b50697b7816c25afc1b0ea85cc027d5a,train,42
028,data/raw/脸谱/整理工作/爬虫脸谱图集.zip::爬虫脸谱图集/opera-03-028-s.jpg,28,028,曹洪,战宛城,花三块瓦脸,user_confirmed_sequence_mapping,Project owner confirmed on 2026-09-20 that Excel 序号 and the image filename number are one-to-one for the current POPF dataset.,d7f488522373c029149d0703720f289dcfe2497f6fae1b08021a2378137ebcd0,train,42
040,data/raw/脸谱/整理工作/爬虫脸谱图集.zip::爬虫脸谱图集/opera-04-040-s.jpg,40,040,周处,除三害,花三块瓦脸,user_confirmed_sequence_mapping,Project owner confirmed on 2026-09-20 that Excel 序号 and the image filename number are one-to-one for the current POPF dataset.,8d2204bc6c33012c79c2722f0849ecf3d52a5bbccd3ef4f08181b7a0271acffb,train,42
059,data/raw/脸谱/整理工作/爬虫脸谱图集.zip::爬虫脸谱图集/opera-05-059-s.jpg,59,059,毛奔,五雷阵,花三块瓦脸,user_confirmed_sequence_mapping,Project owner confirmed on 2026-09-20 that Excel 序号 and the image filename number are one-to-one for the current POPF dataset.,bdb709e8e82478de588c42382ebe03fd8acf0c5dab5077510fccd2f482bd39a1,train,42
068,data/raw/脸谱/整理工作/爬虫脸谱图集.zip::爬虫脸谱图集/opera-06-068-s.jpg,68,068,项羽,霸王别姬,花三块瓦脸,user_confirmed_sequence_mapping,Project owner confirmed on 2026-09-20 that Excel 序号 and the image filename number are one-to-one for the current POPF dataset.,309b302ce0581cc321cb6421c5c0f7d8614439f75f647e5ae2ee07ca437db1e4,train,42
073,data/raw/脸谱/整理工作/爬虫脸谱图集.zip::爬虫脸谱图集/opera-07-073-s.jpg,73,073,魏延,战长沙,花三块瓦脸,user_confirmed_sequence_mapping,Project owner confirmed on 2026-09-20 that Excel 序号 and the image filename number are one-to-one for the current POPF dataset.,684f8c235159daff5a0fc455c8aa74f0ae4b0dbfd9b945394a12997d7de1c3c2,train,42
076,data/raw/脸谱/整理工作/爬虫脸谱图集.zip::爬虫脸谱图集/opera-07-076-s.jpg,76,076,沙摩柯,连营寨,花三块瓦脸,user_confirmed_sequence_mapping,Project owner confirmed on 2026-09-20 that Excel 序号 and the image filename number are one-to-one for the current POPF dataset.,db0a6cfb89b813890d6a8639928c4045ebcb467358db09e4cee007375e900eab,train,42
104,data/raw/脸谱/整理工作/爬虫脸谱图集.zip::爬虫脸谱图集/opera-09-104-s.jpg,104,104,李密,断密涧,花三块瓦脸,user_confirmed_sequence_mapping,Project owner confirmed on 2026-09-20 that Excel 序号 and the image filename number are one-to-one for the current POPF dataset.,d42f1f03f9176641101de9492999b7eb1663ff8c3babb65b1d75da750fd3aeee,train,42
109,data/raw/脸谱/整理工作/爬虫脸谱图集.zip::爬虫脸谱图集/opera-10-109-s.jpg,109,109,盖苏文,汾河湾,花三块瓦脸,user_confirmed_sequence_mapping,Project owner confirmed on 2026-09-20 that Excel 序号 and the image filename number are one-to-one for the current POPF dataset.,c3b4ebca1c858f3b04f18822bfee12d425b3e67844e4bce218a9dc105c3ed8be,train,42
116,data/raw/脸谱/整理工作/爬虫脸谱图集.zip::爬虫脸谱图集/opera-10-116-s.jpg,116,116,白天佐,破洪州,花三块瓦脸,user_confirmed_sequence_mapping,Project owner confirmed on 2026-09-20 that Excel 序号 and the image filename number are one-to-one for the current POPF dataset.,2f8febbb36850ba8e23ef13d35af3d8182025bf81e6ad7f16cbfe6f3edffd7d7,train,42
145,data/raw/脸谱/整理工作/爬虫脸谱图集.zip::爬虫脸谱图集/opera-13-145-s.jpg,145,145,李逵,清风寨,花三块瓦脸,user_confirmed_sequence_mapping,Project owner confirmed on 2026-09-20 that Excel 序号 and the image filename number are one-to-one for the current POPF dataset.,3941e6921eaf51c34efeb21d9b9aad717064413a0374e413f0f44f349799be6d,train,42
161,data/raw/脸谱/整理工作/爬虫脸谱图集.zip::爬虫脸谱图集/opera-14-161-s.jpg,161,161,张顺,秦淮河,花三块瓦脸,user_confirmed_sequence_mapping,Project owner confirmed on 2026-09-20 that Excel 序号 and the image filename number are one-to-one for the current POPF dataset.,01958eacac136db12cd118631573af032b07c4eaf7a393cacf3cc6ae4df4a3aa,train,42
174,data/raw/脸谱/整理工作/爬虫脸谱图集.zip::爬虫脸谱图集/opera-15-174-s.jpg,174,174,何元庆,八大锤,花三块瓦脸,user_confirmed_sequence_mapping,Project owner confirmed on 2026-09-20 that Excel 序号 and the image filename number are one-to-one for the current POPF dataset.,1426fb4a323e3719b0a5433f2a83df3aa6577c5d63e9bcdf5d72fc743b7e2b85,train,42
179,data/raw/脸谱/整理工作/爬虫脸谱图集.zip::爬虫脸谱图集/opera-15-179-s.jpg,179,179,伯颜,正气歌,花三块瓦脸,user_confirmed_sequence_mapping,Project owner confirmed on 2026-09-20 that Excel 序号 and the image filename number are one-to-one for the current POPF dataset.,7c33002e249a403277051aa34b0fe0584fff1cb6486150818a2c358f52b8c340,train,42
203,data/raw/脸谱/整理工作/爬虫脸谱图集.zip::爬虫脸谱图集/opera-17-203-s.jpg,203,203,窦尔敦,连环套,花三块瓦脸,user_confirmed_sequence_mapping,Project owner confirmed on 2026-09-20 that Excel 序号 and the image filename number are one-to-one for the current POPF dataset.,2073ea2435b63e541d522a1397177600f9c0389fa28e4a6c622ae7fa47f5f39b,train,42
205,data/raw/脸谱/整理工作/爬虫脸谱图集.zip::爬虫脸谱图集/opera-18-205-s.jpg,205,205,谢虎,鄚州庙,花三块瓦脸,user_confirmed_sequence_mapping,Project owner confirmed on 2026-09-20 that Excel 序号 and the image filename number are one-to-one for the current POPF dataset.,51bb112144f5172441cbe8fba6a1f749fc0f063f3f9efae58648583c82f4e25b,train,42
215,data/raw/脸谱/整理工作/爬虫脸谱图集.zip::爬虫脸谱图集/opera-18-215-s.jpg,215,215,武天虬,恶虎村,花三块瓦脸,user_confirmed_sequence_mapping,Project owner confirmed on 2026-09-20 that Excel 序号 and the image filename number are one-to-one for the current POPF dataset.,11bbe0a6d5755c3b8303287983e4bab41b0d748a132fec3c50b64a2114990171,train,42
235,data/raw/脸谱/整理工作/爬虫脸谱图集.zip::爬虫脸谱图集/opera-20-235-s.jpg,235,235,杨戬,安天会,花三块瓦脸,user_confirmed_sequence_mapping,Project owner confirmed on 2026-09-20 that Excel 序号 and the image filename number are one-to-one for the current POPF dataset.,c7f40627e6c243ecefbd29224f0ac4376c84976b108e2c8320d550410fd557d2,train,42
004,data/raw/脸谱/整理工作/爬虫脸谱图集.zip::爬虫脸谱图集/opera-01-004-s.jpg,4,004,土行孙,攻潼关,象形脸,user_confirmed_sequence_mapping,Project owner confirmed on 2026-09-20 that Excel 序号 and the image filename number are one-to-one for the current POPF dataset.,04122e3ac9866f6b102521e8e70924b30c2ca04178dcf1109b5dc4968956d1a7,train,42
050,data/raw/脸谱/整理工作/爬虫脸谱图集.zip::爬虫脸谱图集/opera-05-050-s.jpg,50,050,王彦章,双观星,象形脸,user_confirmed_sequence_mapping,Project owner confirmed on 2026-09-20 that Excel 序号 and the image filename number are one-to-one for the current POPF dataset.,88be0763dff56184d2136f0e05945f84f25fd01e625427385524da68ff529c37,train,42
103,data/raw/脸谱/整理工作/爬虫脸谱图集.zip::爬虫脸谱图集/opera-09-103-s.jpg,103,103,李元霸,晋阳宫,象形脸,user_confirmed_sequence_mapping,Project owner confirmed on 2026-09-20 that Excel 序号 and the image filename number are one-to-one for the current POPF dataset.,770ea8a850f5fdff7455922b5bbaf1a8e2abdc49083179106b84ee4fc627fb72,train,42
133,data/raw/脸谱/整理工作/爬虫脸谱图集.zip::爬虫脸谱图集/opera-12-133-s.jpg,133,133,张天龙,双沙河,象形脸,user_confirmed_sequence_mapping,Project owner confirmed on 2026-09-20 that Excel 序号 and the image filename number are one-to-one for the current POPF dataset.,7a708dafd4e893e93736c781d8835a0716e459d1051295c3f73da76aee6592e8,train,42
222,data/raw/脸谱/整理工作/爬虫脸谱图集.zip::爬虫脸谱图集/opera-19-222-s.jpg,222,222,亢金龙,琵琶洞,象形脸,user_confirmed_sequence_mapping,Project owner confirmed on 2026-09-20 that Excel 序号 and the image filename number are one-to-one for the current POPF dataset.,0747d8074043a7cb0726773d57100edc19dd8e5ca07a9a1cce1ecb97649de51a,train,42
233,data/raw/脸谱/整理工作/爬虫脸谱图集.zip::爬虫脸谱图集/opera-20-233-s.jpg,233,233,巨灵神,安天会,象形脸,user_confirmed_sequence_mapping,Project owner confirmed on 2026-09-20 that Excel 序号 and the image filename number are one-to-one for the current POPF dataset.,454a8804bf5e68c7d1bc2fb3d019fb91a1f79207cf7d5d538e86e713a0319f8e,train,42
234,data/raw/脸谱/整理工作/爬虫脸谱图集.zip::爬虫脸谱图集/opera-20-234-s.jpg,234,234,青龙,安天会,象形脸,user_confirmed_sequence_mapping,Project owner confirmed on 2026-09-20 that Excel 序号 and the image filename number are one-to-one for the current POPF dataset.,9d33a11ddf8100bc2c5e9aeb5fd44cb577e585fd7de3789cc272bc876f71b115,train,42
236,data/raw/脸谱/整理工作/爬虫脸谱图集.zip::爬虫脸谱图集/opera-20-236-s.jpg,236,236,白虎,安天会,象形脸,user_confirmed_sequence_mapping,Project owner confirmed on 2026-09-20 that Excel 序号 and the image filename number are one-to-one for the current POPF dataset.,e6501d260575615a90f87fd84cfe182a8f46bf5a751abd6df8cf4abc38119282,train,42
237,data/raw/脸谱/整理工作/爬虫脸谱图集.zip::爬虫脸谱图集/opera-20-237-s.jpg,237,237,罗猴,安天会,象形脸,user_confirmed_sequence_mapping,Project owner confirmed on 2026-09-20 that Excel 序号 and the image filename number are one-to-one for the current POPF dataset.,f2d1767caed774819cf3d04bd0fbdd2487df213ef3ed73c384092ac33371f863,train,42
238,data/raw/脸谱/整理工作/爬虫脸谱图集.zip::爬虫脸谱图集/opera-20-238-s.jpg,238,238,墨猴,安天会,象形脸,user_confirmed_sequence_mapping,Project owner confirmed on 2026-09-20 that Excel 序号 and the image filename number are one-to-one for the current POPF dataset.,3446661f343c8afa4d841554b63cf57fc4f55c652394bd6b144cc334e161cd31,train,42
239,data/raw/脸谱/整理工作/爬虫脸谱图集.zip::爬虫脸谱图集/opera-20-239-s.jpg,239,239,通臂猿,石猴出世,象形脸,user_confirmed_sequence_mapping,Project owner confirmed on 2026-09-20 that Excel 序号 and the image filename number are one-to-one for the current POPF dataset.,8821858b111e25848723e483614a449be5b8c3ba24625e5ea1249dc268b795ec,train,42
240,data/raw/脸谱/整理工作/爬虫脸谱图集.zip::爬虫脸谱图集/opera-20-240-s.jpg,240,240,白猿,八仙斗白猿,象形脸,user_confirmed_sequence_mapping,Project owner confirmed on 2026-09-20 that Excel 序号 and the image filename number are one-to-one for the current POPF dataset.,0a64f5ecbae56d9c5cd7e6902e603a17dcdaad013eccde59752d6247535155f5,train,42
244,data/raw/脸谱/整理工作/爬虫脸谱图集.zip::爬虫脸谱图集/opera-21-244-s.jpg,244,244,雷公,安天会,象形脸,user_confirmed_sequence_mapping,Project owner confirmed on 2026-09-20 that Excel 序号 and the image filename number are one-to-one for the current POPF dataset.,ac135207da66bf5b5a697a4d4dbb4046de398990d6b0f44a42272f353e5b6889,train,42
245,data/raw/脸谱/整理工作/爬虫脸谱图集.zip::爬虫脸谱图集/opera-21-245-s.jpg,245,245,牛魔王,芭蕉扇,象形脸,user_confirmed_sequence_mapping,Project owner confirmed on 2026-09-20 that Excel 序号 and the image filename number are one-to-one for the current POPF dataset.,7160cb0133da128fd5ecc76c33de67fd5cad978f7f43d620aff375fe42eac43e,train,42
246,data/raw/脸谱/整理工作/爬虫脸谱图集.zip::爬虫脸谱图集/opera-21-246-s.jpg,246,246,猪八戒,高老庄,象形脸,user_confirmed_sequence_mapping,Project owner confirmed on 2026-09-20 that Excel 序号 and the image filename number are one-to-one for the current POPF dataset.,d35830897952114a65952ce786e9c4e8fcd4098293c08cb23da12ea6dd88b751,train,42
249,data/raw/脸谱/整理工作/爬虫脸谱图集.zip::爬虫脸谱图集/opera-21-249-s.jpg,249,249,青狮,狮驼岭,象形脸,user_confirmed_sequence_mapping,Project owner confirmed on 2026-09-20 that Excel 序号 and the image filename number are one-to-one for the current POPF dataset.,0e26aa150a1b7b7e341bd7d82de26920df7db2b82ccd5a16673c8f3907e5b16d,train,42
250,data/raw/脸谱/整理工作/爬虫脸谱图集.zip::爬虫脸谱图集/opera-21-250-s.jpg,250,250,猫神,无底洞,象形脸,user_confirmed_sequence_mapping,Project owner confirmed on 2026-09-20 that Excel 序号 and the image filename number are one-to-one for the current POPF dataset.,62187af2087d8a3cd22bb8e4995774f46f45f03fba879d6009eec7af2cd93be0,train,42
251,data/raw/脸谱/整理工作/爬虫脸谱图集.zip::爬虫脸谱图集/opera-21-251-s.jpg,251,251,白象,狮驼岭,象形脸,user_confirmed_sequence_mapping,Project owner confirmed on 2026-09-20 that Excel 序号 and the image filename number are one-to-one for the current POPF dataset.,8abc7b05a80a8ab0757523a1d442af7ca2ff7cae5895f565720d766fb751bb24,train,42
252,data/raw/脸谱/整理工作/爬虫脸谱图集.zip::爬虫脸谱图集/opera-21-252-s.jpg,252,252,金钱豹,红梅山,象形脸,user_confirmed_sequence_mapping,Project owner confirmed on 2026-09-20 that Excel 序号 and the image filename number are one-to-one for the current POPF dataset.,f0148661302a49f507260a31dcef3856febd857d0da267a0c2f322566ad56922,train,42
253,data/raw/脸谱/整理工作/爬虫脸谱图集.zip::爬虫脸谱图集/opera-22-253-s.jpg,253,253,孔宣,百草山,象形脸,user_confirmed_sequence_mapping,Project owner confirmed on 2026-09-20 that Excel 序号 and the image filename number are one-to-one for the current POPF dataset.,20c4b5ade42341434d10572b95b3f60630bcc5bcb70f99f4cdec87f212792a21,train,42
255,data/raw/脸谱/整理工作/爬虫脸谱图集.zip::爬虫脸谱图集/opera-22-255-s.jpg,255,255,通雀鸟,百草山,象形脸,user_confirmed_sequence_mapping,Project owner confirmed on 2026-09-20 that Excel 序号 and the image filename number are one-to-one for the current POPF dataset.,b03c14164032c88c0cf8dc97cbaac3c8885189c4f894c82073a9950f0acf7189,train,42
256,data/raw/脸谱/整理工作/爬虫脸谱图集.zip::爬虫脸谱图集/opera-22-256-s.jpg,256,256,大鹏,狮驼岭,象形脸,user_confirmed_sequence_mapping,Project owner confirmed on 2026-09-20 that Excel 序号 and the image filename number are one-to-one for the current POPF dataset.,370d7b27f1545a43665667ebbd0bdff10a87717b73c2d8a62f1f53261dec386f,train,42
265,data/raw/脸谱/整理工作/爬虫脸谱图集.zip::爬虫脸谱图集/opera-23-265-s.jpg,265,265,赖团仙,五花洞,象形脸,user_confirmed_sequence_mapping,Project owner confirmed on 2026-09-20 that Excel 序号 and the image filename number are one-to-one for the current POPF dataset.,57c468a8467661a8070ebb83ee0b1a0d754ad6f366df15e99bb594fbcc031b85,train,42
266,data/raw/脸谱/整理工作/爬虫脸谱图集.zip::爬虫脸谱图集/opera-23-266-s.jpg,266,266,金头仙,五花洞,象形脸,user_confirmed_sequence_mapping,Project owner confirmed on 2026-09-20 that Excel 序号 and the image filename number are one-to-one for the current POPF dataset.,ccbea63d870c08a073750fadc1e55b638ca1b0753f630696e53ee4dc77b894bf,train,42
270,data/raw/脸谱/整理工作/爬虫脸谱图集.zip::爬虫脸谱图集/opera-23-270-s.jpg,270,270,鹿童,盗仙草,象形脸,user_confirmed_sequence_mapping,Project owner confirmed on 2026-09-20 that Excel 序号 and the image filename number are one-to-one for the current POPF dataset.,a604bb916481771b353ddf31ab2fc09df179300a37c5f242d093a279db009626,train,42
